57,0
57,0
57,0
57,0
57,0
76,0
76,0
76,0
76,0
76,0
76,0
43,0
11,0
11,0
11,0
11,0
11,0
72,0
72,0
72,0
72,0
72,0
72,0
82,0
113,0
113,0
113,0
113,0
113,0
113,0
113,0
113,0
113,0
74,0
74,0
74,0
74,0
74,0
74,0
73,0
173,0
161,0
161,0
100,0
100,0
100,0
100,0
100,0
66,0
91,0
91,0
91,0
91,0
132,0
124,0
124,0
124,0
124,0
124,0
124,0
64,0
64,0
64,0
64,0
64,0
64,0
-19,0
-19,0
-19,0
-19,0
-19,0
2,0
2,0
2,0
2,0
2,0
2,0
-37,0
-37,0
-37,0
-37,0
-37,0
-37,0
-82,0
-53,0
-53,0
-53,0
-53,0
-53,0
-20,0
-20,0
-20,0
-20,0
-20,0
-20,0
-36,0
-53,0
-53,0
-53,0
-53,0
-53,0
-101,0
-118,0
-118,0
-118,0
-118,0
-85,0
-72,0
-81,0
-81,0
-81,0
-81,0
-81,0
-109,0
-109,0
-109,0
-109,0
-109,0
-109,0
-49,0
-49,0
-49,0
-49,0
-49,0
-49,0
-56,0
-44,0
-44,0
-44,0
-44,0
-44,0
-44,0
-44,0
-44,0
-107,0
-94,0
-81,0
-34,0
-34,0
-81,0
-25,0
-25,0
-25,0
-25,0
-25,0
-12,0
-2,0
-2,0
-2,0
-2,0
-2,0
-68,0
-12,0
-9,0
-9,0
-9,0
-9,0
-9,0
-11,0
-11,0
-11,0
-11,0
-11,0
-11,0
41,0
20,0
20,0
20,0
20,0
20,0
35,0
32,0
32,0
32,0
32,0
32,0
-43,0
-24,0
-24,0
-24,0
-24,0
6,0
64,0
64,0
64,0
64,0
64,0
4,0
-11,0
-11,0
-11,0
-11,0
-11,0
53,0
34,0
34,0
34,0
34,0
34,0
34,0
34,0
128,0
128,0
128,0
53,0
72,0
106,0
106,0
106,0
106,0
114,0
105,0
105,0
105,0
105,0
130,0
130,0
130,0
130,0
130,0
147,0
147,0
118,0
69,0
69,0
69,0
69,0
69,0
69,0
155,0
155,0
155,0
155,0
155,0
124,0
162,0
162,0
162,0
162,0
162,0
81,0
92,0
92,0
92,0
92,0
92,0
92,0
181,0
181,0
181,0
181,0
181,0
157,0
157,0
157,0
157,0
157,0
157,0
157,0
157,0
157,0
118,0
84,0
84,0
84,0
84,0
84,0
84,0
84,0
84,0
76,0
76,0
76,0
148,0
137,0
137,0
137,0
51,0
53,0
53,0
53,0
43,0
37,0
37,0
37,0
37,0
37,0
37,0
92,0
92,0
92,0
92,0
92,0
92,0
92,0
92,0
92,0
92,0
92,0
92,0
92,0
92,0
92,0
92,0
92,0
92,0
44,0
44,0
44,0
5,0
2,0
2,0
2,0
-46,0
-33,0
-33,0
-33,0
-14,0
-14,0
-14,0
-14,0
-67,0
-42,0
-42,0
-42,0
-116,0
-116,0
-116,0
-116,0
-116,0
-26,0
-109,0
-109,0
-109,0
-109,0
-109,0
-109,0
-100,0
-10,0
16,0
16,0
16,0
16,0
16,0
52,0
9,0
-14,0
-14,0
-14,0
-14,0
-14,0
-38,0
-38,0
-38,0
-38,0
-38,0
-11,0
32,0
32,0
32,0
32,0
32,0
57,0
57,0
57,0
57,0
57,0
57,0
-12,0
6,0
6,0
6,0
6,0
6,0
87,0
75,0
75,0
75,0
75,0
75,0
103,0
102,0
102,0
102,0
102,0
102,0
57,0
57,0
57,0
57,0
57,0
187,0
187,0
187,0
187,0
187,0
160,0
160,0
160,0
160,0
160,0
151,0
71,0
71,0
71,0
71,0
71,0
71,0
166,0
166,0
166,0
166,0
166,0
166,0
183,0
146,0
146,0
146,0
146,0
146,0
146,0
130,0
150,0
150,0
150,0
150,0
150,0
58,0
58,0
58,0
58,0
58,0
58,0
54,0
54,0
54,0
54,0
54,0
54,0
100,0
101,0
101,0
101,0
101,0
101,0
101,0
39,0
39,0
39,0
39,0
39,0
39,0
28,0
80,0
80,0
80,0
80,0
80,0
69,0
69,0
69,0
69,0
69,0
69,0
88,0
75,0
75,0
75,0
75,0
75,0
56,0
37,0
37,0
37,0
37,0
37,0
70,0
106,0
53,0
53,0
53,0
53,0
53,0
34,0
51,0
35,0
35,0
35,0
35,0
35,0
87,0
68,0
68,0
68,0
68,0
68,0
68,0
151,0
149,0
149,0
149,0
149,0
36,0
36,0
36,0
36,0
36,0
88,0
88,0
88,0
88,0
108,0
108,0
108,0
108,0
108,0
113,0
113,0
113,0
113,0
113,0
86,0
86,0
86,0
86,0
86,0
86,0
34,0
34,0
34,0
34,0
34,0
34,0
44,0
-10,0
-10,0
-10,0
-10,0
-36,0
-24,0
-24,0
-24,0
-24,0
-24,0
43,0
43,0
43,0
43,0
43,0
24,0
-1,0
-1,0
-1,0
-1,0
-1,0
-133,0
-133,0
-133,0
-133,0
-133,0
-133,0
-133,0
-133,0
-133,0
-133,0
-93,0
-82,0
-82,0
-82,0
-17,0
-17,0
-17,0
-17,0
-17,0
-17,0
-33,0
-133,0
-133,0
-133,0
-133,0
-133,0
-133,0
-36,0
-36,0
-36,0
-36,0
-36,0
11,0
26,0
26,0
26,0
26,0
26,0
26,0
-22,0
-22,0
-22,0
-22,0
-22,0
-22,0
-22,0
-22,0
-22,0
-22,0
-22,0
-22,0
-22,0
33,0
33,0
33,0
33,0
33,0
58,0
69,0
69,0
69,0
69,0
69,0
69,0
-8,0
-8,0
-8,0
-8,0
-8,0
-2,0
83,0
83,0
83,0
83,0
76,0
104,0
104,0
104,0
104,0
41,0
27,0
27,0
27,0
27,0
27,0
-8,0
-8,0
-8,0
-8,0
-8,0
-69,0
67,0
67,0
67,0
67,0
67,0
71,0
100,0
100,0
100,0
100,0
100,0
87,0
3,0
-45,0
-45,0
-45,0
-45,0
-51,0
4,0
4,0
4,0
4,0
4,0
11,0
11,0
11,0
11,0
11,0
26,0
39,0
39,0
39,0
39,0
39,0
39,0
6,0
7,0
7,0
7,0
7,0
7,0
-7,0
25,0
25,0
25,0
25,0
25,0
-35,0
71,0
71,0
71,0
71,0
71,0
90,0
60,0
60,0
60,0
60,0
60,0
54,0
48,0
48,0
48,0
48,0
48,0
48,0
71,0
71,0
71,0
71,0
71,0
56,0
90,0
90,0
90,0
90,0
90,0
90,0
54,0
54,0
54,0
54,0
54,0
76,0
54,0
54,0
54,0
54,0
54,0
54,0
119,0
119,0
119,0
119,0
119,0
85,0
87,0
87,0
87,0
87,0
87,0
87,0
73,0
85,0
85,0
85,0
85,0
49,0
49,0
49,0
49,0
49,0
49,0
120,0
120,0
120,0
120,0
120,0
120,0
82,0
81,0
81,0
81,0
81,0
81,0
67,0
67,0
67,0
67,0
67,0
67,0
71,0
66,0
66,0
66,0
66,0
66,0
-29,0
-29,0
-29,0
-29,0
-29,0
-29,0
25,0
25,0
25,0
25,0
25,0
25,0
37,0
50,0
50,0
50,0
50,0
50,0
-85,0
-85,0
-85,0
-85,0
-85,0
-85,0
-85,0
-12,0
-12,0
-12,0
-12,0
-12,0
-12,0
-12,0
-12,0
-12,0
-13,0
8,0
8,0
8,0
-29,0
-76,0
-76,0
-76,0
-75,0
-83,0
-83,0
-83,0
-83,0
-83,0
-83,0
-133,0
-114,0
-114,0
-114,0
-114,0
-114,0
-114,0
-89,0
-56,0
-56,0
-56,0
-56,0
-56,0
-56,0
-56,0
-62,0
-1,0
-1,0
-1,0
-1,0
-1,0
-10,0
-37,0
-37,0
-37,0
-37,0
-37,0
-37,0
6,0
0,0
0,0
0,0
0,0
0,0
0,0
3,0
69,0
71,0
71,0
71,0
71,0
83,0
84,0
84,0
84,0
84,0
84,0
121,0
96,0
96,0
96,0
96,0
96,0
96,0
135,0
115,0
115,0
115,0
115,0
98,0
89,0
89,0
89,0
89,0
89,0
69,0
92,0
92,0
92,0
92,0
120,0
149,0
149,0
149,0
149,0
149,0
149,0
130,0
133,0
133,0
133,0
133,0
133,0
169,0
169,0
169,0
169,0
169,0
169,0
138,0
138,0
138,0
138,0
138,0
138,0
165,0
165,0
165,0
165,0
165,0
165,0
133,0
109,0
109,0
109,0
109,0
109,0
86,0
23,0
23,0
23,0
23,0
23,0
23,0
21,0
118,0
113,0
113,0
113,0
113,0
113,0
88,0
88,0
88,0
88,0
88,0
136,0
123,0
123,0
123,0
123,0
123,0
123,0
123,0
59,0
88,0
88,0
89,0
89,0
89,0
89,0
64,0
60,0
60,0
60,0
60,0
60,0
60,0
37,0
69,0
69,0
69,0
69,0
69,0
69,0
80,0
66,0
66,0
66,0
66,0
87,0
108,0
76,0
76,0
76,0
76,0
85,0
75,0
75,0
75,0
75,0
75,0
-6,0
-113,0
-113,0
-113,0
-113,0
-113,0
133,0
133,0
133,0
133,0
133,0
133,0
200,0
200,0
200,0
200,0
200,0
109,0
65,0
65,0
65,0
65,0
65,0
48,0
99,0
117,0
117,0
117,0
117,0
117,0
117,0
18,0
18,0
18,0
18,0
18,0
18,0
70,0
70,0
70,0
70,0
70,0
70,0
53,0
25,0
25,0
25,0
25,0
25,0
25,0
73,0
73,0
73,0
73,0
73,0
73,0
73,0
68,0
68,0
68,0
68,0
68,0
68,0
68,0
52,0
52,0
52,0
52,0
52,0
52,0
87,0
114,0
114,0
114,0
114,0
69,0
35,0
35,0
35,0
35,0
35,0
-4,0
43,0
40,0
40,0
40,0
40,0
-13,0
6,0
38,0
38,0
38,0
16,0
-3,0
-3,0
-3,0
-3,0
-3,0
74,0
74,0
74,0
74,0
74,0
74,0
17,0
26,0
26,0
26,0
26,0
119,0
12,0
12,0
12,0
12,0
12,0
1,0
43,0
97,0
97,0
97,0
97,0
60,0
29,0
29,0
29,0
29,0
59,0
59,0
99,0
104,0
104,0
104,0
104,0
86,0
123,0
123,0
123,0
123,0
135,0
71,0
72,0
72,0
72,0
72,0
72,0
100,0
100,0
100,0
100,0
100,0
145,0
134,0
134,0
134,0
134,0
134,0
134,0
70,0
82,0
82,0
82,0
82,0
82,0
119,0
129,0
129,0
129,0
129,0
129,0
134,0
134,0
134,0
134,0
134,0
100,0
132,0
132,0
132,0
132,0
132,0
176,0
168,0
168,0
168,0
168,0
147,0
227,0
227,0
227,0
243,0
205,0
205,0
205,0
205,0
150,0
150,0
150,0
150,0
134,0
109,0
109,0
109,0
109,0
109,0
109,0
89,0
97,0
89,0
89,0
89,0
89,0
89,0
59,0
96,0
96,0
96,0
50,0
50,0
50,0
50,0
50,0
89,0
97,0
97,0
97,0
97,0
97,0
97,0
67,0
102,0
102,0
102,0
102,0
102,0
-8,0
-8,0
-8,0
-8,0
-8,0
-8,0
134,0
134,0
134,0
134,0
134,0
134,0
134,0
134,0
134,0
134,0
134,0
134,0
134,0
134,0
134,0
192,0
213,0
213,0
213,0
213,0
213,0
213,0
213,0
213,0
213,0
213,0
213,0
-18,0
-18,0
-18,0
-18,0
-18,0
-18,0
-18,0
-18,0
-18,0
-18,0
-18,0
89,0
117,0
117,0
117,0
217,0
217,0
217,0
108,0
217,0
217,0
311,0
311,0
311,0
405,0
405,0
405,0
292,0
292,0
292,0
292,0
216,0
216,0
216,0
216,0
216,0
97,0
97,0
97,0
97,0
97,0
106,0
106,0
106,0
106,0
106,0
107,0
102,0
102,0
102,0
102,0
102,0
102,0
-6,0
-6,0
-6,0
-6,0
-6,0
-6,0
-17,0
-76,0
-76,0
-76,0
-76,0
-76,0
-76,0
-183,0
-154,0
-139,0
-139,0
-139,0
-139,0
-139,0
-90,0
-129,0
-129,0
-129,0
-129,0
-129,0
-129,0
-54,0
-54,0
-54,0
-54,0
-54,0
-54,0
-165,0
-165,0
-165,0
-165,0
-165,0
-177,0
-168,0
-168,0
-168,0
-168,0
-168,0
-168,0
-168,0
-168,0
-101,0
-138,0
-138,0
-186,0
-151,0
-151,0
-151,0
-151,0
-151,0
-214,0
-130,0
-130,0
-130,0
-130,0
-130,0
-155,0
-113,0
-113,0
-113,0
-113,0
-113,0
-51,0
-51,0
-51,0
-51,0
-51,0
-51,0
-86,0
-86,0
-86,0
-86,0
-86,0
-86,0
73,0
-78,0
-105,0
-105,0
-105,0
-105,0
-105,0
-33,0
20,0
-12,0
-12,0
-12,0
-12,0
-36,0
-25,0
-25,0
-25,0
-25,0
-34,0
-34,0
-34,0
-34,0
-34,0
-136,0
-121,0
-121,0
-121,0
-121,0
-121,0
-61,0
-61,0
-61,0
-61,0
-61,0
-61,0
-61,0
-51,0
-13,0
-13,0
-13,0
-13,0
-13,0
74,0
74,0
74,0
74,0
74,0
74,0
54,0
-22,0
-22,0
-22,0
-22,0
-22,0
-22,0
28,0
120,0
120,0
120,0
120,0
120,0
211,0
166,0
166,0
166,0
166,0
166,0
-99,0
-40,0
75,0
75,0
75,0
75,0
278,0
234,0
234,0
234,0
234,0
234,0
234,0
228,0
246,0
246,0
246,0
246,0
217,0
217,0
217,0
217,0
217,0
217,0
162,0
108,0
108,0
108,0
108,0
108,0
108,0
86,0
108,0
108,0
108,0
108,0
108,0
24,0
24,0
24,0
24,0
24,0
58,0
89,0
25,0
25,0
25,0
25,0
25,0
118,0
118,0
118,0
118,0
118,0
118,0
67,0
133,0
133,0
133,0
133,0
133,0
133,0
91,0
65,0
65,0
65,0
65,0
65,0
38,0
38,0
38,0
38,0
38,0
128,0
128,0
128,0
128,0
128,0
128,0
5,0
18,0
18,0
18,0
18,0
18,0
18,0
18,0
18,0
18,0
18,0
18,0
-89,0
-122,0
-122,0
-122,0
-37,0
32,0
32,0
-3,0
-54,0
-11,0
-11,0
-11,0
-9,0
-56,0
-72,0
-72,0
-72,0
-72,0
-2,0
-2,0
-2,0
-2,0
-2,0
-2,0
16,0
5,0
5,0
5,0
5,0
153,0
139,0
139,0
139,0
139,0
139,0
0,0
121,0
121,0
121,0
121,0
121,0
121,0
66,0
61,0
61,0
61,0
61,0
61,0
-23,0
-23,0
-23,0
-23,0
-23,0
-23,0
-23,0
35,0
103,0
103,0
103,0
103,0
103,0
52,0
135,0
135,0
135,0
135,0
135,0
135,0
48,0
48,0
48,0
48,0
48,0
11,0
11,0
11,0
11,0
11,0
90,0
90,0
90,0
90,0
90,0
115,0
108,0
108,0
108,0
108,0
92,0
-81,0
-81,0
-81,0
-81,0
53,0
100,0
100,0
100,0
100,0
100,0
184,0
102,0
102,0
102,0
102,0
102,0
102,0
116,0
101,0
101,0
101,0
101,0
101,0
101,0
112,0
195,0
214,0
214,0
214,0
214,0
214,0
172,0
102,0
102,0
102,0
102,0
102,0
233,0
233,0
233,0
233,0
233,0
246,0
185,0
185,0
185,0
185,0
185,0
213,0
213,0
213,0
213,0
213,0
141,0
107,0
107,0
107,0
107,0
107,0
107,0
102,0
0,0
0,0
0,0
0,0
-82,0
-8,0
-8,0
-8,0
-8,0
-8,0
-8,0
-23,0
-23,0
-23,0
-23,0
-23,0
-23,0
-55,0
-58,0
-58,0
-58,0
-58,0
-58,0
-20,0
-38,0
-38,0
-38,0
-38,0
-38,0
-82,0
8,0
8,0
8,0
8,0
8,0
41,0
84,0
97,0
97,0
97,0
97,0
25,0
49,0
49,0
49,0
49,0
49,0
-21,0
6,0
6,0
6,0
6,0
6,0
-21,0
-85,0
-85,0
-85,0
-85,0
-91,0
-7,0
-7,0
-7,0
-7,0
-7,0
-7,0
-7,0
-7,0
-7,0
-7,0
-1,0
-24,0
-51,0
-51,0
-51,0
-51,0
-51,0
-51,0
-51,0
-51,0
-51,0
-51,0
-51,0
-51,0
-51,0
-51,0
-51,0
-51,0
-51,0
-26,0
-26,0
-26,0
-93,0
-93,0
-93,0
-84,0
-89,0
-86,0
-86,0
-106,0
-106,0
-106,0
-22012,0
96,0
96,0
96,0
179,0
179,0
179,0
147,0
152,0
152,0
152,0
108,0
108,0
108,0
108,0
108,0
108,0
128,0
69,0
69,0
69,0
69,0
69,0
108,0
108,0
108,0
108,0
108,0
90,0
89,0
89,0
89,0
89,0
89,0
68,0
33,0
33,0
33,0
33,0
33,0
-26,0
-26,0
-26,0
-26,0
-26,0
-26,0
-30,0
-30,0
-30,0
-30,0
-30,0
-36,0
-7,0
-7,0
-7,0
-7,0
-7,0
-7,0
-7,0
-7,0
69,0
5,0
5,0
5,0
5,0
51,0
51,0
51,0
51,0
51,0
25,0
-5,0
58,0
58,0
58,0
58,0
58,0
58,0
170,0
170,0
170,0
170,0
197,0
220,0
220,0
220,0
220,0
264,0
264,0
264,0
264,0
264,0
264,0
92,0
69,0
69,0
69,0
69,0
69,0
69,0
215,0
215,0
215,0
215,0
215,0
215,0
136,0
136,0
136,0
136,0
-27,0
-27,0
-27,0
-27,0
-27,0
-27,0
-27,0
-90,0
-90,0
-90,0
-90,0
-121,0
-75,0
-75,0
-75,0
-75,0
-75,0
-75,0
6,0
1,0
1,0
1,0
1,0
39,0
39,0
39,0
39,0
39,0
68,0
68,0
68,0
68,0
68,0
68,0
70,0
70,0
70,0
70,0
70,0
181,0
181,0
181,0
181,0
181,0
181,0
181,0
253,0
253,0
253,0
253,0
253,0
253,0
195,0
195,0
195,0
195,0
195,0
248,0
244,0
244,0
244,0
244,0
244,0
217,0
217,0
217,0
217,0
256,0
283,0
252,0
252,0
252,0
252,0
252,0
201,0
201,0
201,0
201,0
201,0
67,0
92,0
92,0
92,0
92,0
92,0
4,0
4,0
4,0
4,0
4,0
4,0
-27,0
-27,0
-27,0
-27,0
-27,0
-27,0
-106,0
-121,0
-121,0
-121,0
-121,0
-134,0
-253,0
-253,0
-253,0
-253,0
-253,0
-253,0
-300,0
-93,0
-93,0
-93,0
-93,0
3,0
3,0
3,0
3,0
3,0
-82,0
-116,0
-116,0
-116,0
-116,0
-116,0
-72,0
-72,0
-72,0
-72,0
-72,0
-72,0
-43,0
-43,0
-43,0
-43,0
-43,0
-54,0
-71,0
-71,0
-71,0
-71,0
-78,0
-56,0
-56,0
-56,0
-56,0
18,0
18,0
18,0
18,0
18,0
18,0
38,0
-50,0
-50,0
-50,0
-50,0
-50,0
-39,0
11,0
11,0
11,0
11,0
11,0
27,0
34,0
34,0
34,0
34,0
34,0
34,0
72,0
93,0
93,0
93,0
93,0
93,0
155,0
141,0
109,0
109,0
109,0
109,0
109,0
131,0
96,0
96,0
96,0
96,0
101,0
133,0
133,0
133,0
133,0
133,0
133,0
-1,0
-1,0
-1,0
-1,0
-1,0
-12,0
2,0
2,0
2,0
2,0
147,0
151,0
151,0
151,0
151,0
151,0
151,0
155,0
155,0
155,0
155,0
155,0
155,0
139,0
139,0
139,0
139,0
139,0
139,0
139,0
139,0
139,0
139,0
201,0
201,0
201,0
128,0
122,0
122,0
122,0
122,0
180,0
180,0
180,0
180,0
180,0
180,0
296,0
296,0
296,0
296,0
296,0
214,0
214,0
214,0
214,0
214,0
214,0
214,0
121,0
84,0
84,0
84,0
84,0
84,0
149,0
149,0
149,0
149,0
149,0
149,0
149,0
149,0
149,0
149,0
128,0
146,0
146,0
36,0
36,0
36,0
36,0
49,0
1,0
1,0
1,0
1,0
1,0
10,0
10,0
10,0
10,0
27,0
24,0
24,0
24,0
24,0
24,0
-3,0
-3,0
-3,0
-3,0
-3,0
20,0
21,0
21,0
21,0
21,0
21,0
4,0
4,0
4,0
4,0
4,0
4,0
70,0
70,0
70,0
70,0
70,0
70,0
33,0
33,0
33,0
33,0
33,0
20,0
12,0
9,0
9,0
9,0
9,0
9,0
9,0
68,0
68,0
68,0
68,0
68,0
21,0
21,0
21,0
21,0
21,0
21,0
21,0
4,0
4,0
4,0
4,0
4,0
20,0
28,0
28,0
28,0
28,0
54,0
53,0
18,0
-22,0
-22,0
-22,0
-22,0
-11,0
19,0
19,0
19,0
19,0
19,0
7,0
43,0
43,0
43,0
43,0
43,0
37,0
44,0
44,0
44,0
44,0
44,0
44,0
28,0
28,0
28,0
28,0
28,0
28,0
48,0
48,0
48,0
48,0
48,0
48,0
16,0
44,0
44,0
44,0
44,0
44,0
44,0
-61,0
-65,0
-65,0
-65,0
-65,0
-139,0
-139,0
-139,0
-139,0
-139,0
-139,0
-131,0
-131,0
-131,0
-131,0
-131,0
-131,0
-145,0
-145,0
-145,0
-145,0
-145,0
-147,0
-156,0
-156,0
-156,0
-156,0
-156,0
-125,0
-125,0
-125,0
-125,0
-125,0
-125,0
-125,0
-13,0
-13,0
-13,0
-13,0
-13,0
-3,0
4,0
4,0
4,0
4,0
4,0
54,0
16,0
16,0
16,0
16,0
16,0
100,0
100,0
100,0
100,0
100,0
20,0
67,0
67,0
67,0
67,0
67,0
67,0
41,0
10,0
10,0
10,0
10,0
10,0
10,0
102,0
97,0
97,0
97,0
97,0
97,0
85,0
17,0
17,0
17,0
17,0
3,0
12,0
49,0
57,0
57,0
57,0
57,0
57,0
57,0
57,0
57,0
57,0
60,0
60,0
60,0
92,0
92,0
92,0
92,0
92,0
152,0
152,0
152,0
152,0
87,0
205,0
205,0
205,0
205,0
170,0
123,0
123,0
123,0
123,0
132,0
56,0
56,0
56,0
56,0
56,0
139,0
139,0
139,0
139,0
139,0
139,0
139,0
139,0
100,0
100,0
100,0
56,0
67,0
67,0
67,0
67,0
55,0
59,0
59,0
59,0
59,0
35,0
35,0
35,0
35,0
35,0
51,0
44,0
44,0
44,0
44,0
44,0
44,0
56,0
57,0
57,0
57,0
57,0
60,0
60,0
60,0
60,0
60,0
60,0
1,0
1,0
1,0
1,0
1,0
1,0
-17,0
-17,0
-17,0
-17,0
-17,0
-161,0
-50,0
-50,0
-50,0
-50,0
-50,0
28,0
44,0
44,0
44,0
44,0
44,0
-23,0
-23,0
-23,0
-23,0
-23,0
-229,0
-189,0
-189,0
-189,0
-189,0
-189,0
-189,0
82,0
82,0
82,0
82,0
82,0
33,0
33,0
33,0
33,0
33,0
-29,0
-29,0
-29,0
-84,0
-84,0
-84,0
-84,0
-84,0
-28,0
-115,0
-115,0
-115,0
-115,0
-129,0
-129,0
-129,0
-129,0
-45,0
34,0
-2,0
-2,0
-2,0
-2,0
-2,0
123,0
123,0
123,0
123,0
123,0
84,0
66,0
66,0
66,0
66,0
66,0
144,0
144,0
144,0
144,0
144,0
163,0
167,0
167,0
167,0
167,0
167,0
166,0
130,0
130,0
130,0
130,0
130,0
130,0
171,0
134,0
134,0
134,0
134,0
134,0
134,0
134,0
134,0
134,0
134,0
134,0
134,0
131,0
140,0
169,0
169,0
169,0
169,0
169,0
130,0
87,0
87,0
87,0
87,0
29,0
33,0
33,0
33,0
33,0
33,0
33,0
32,0
32,0
32,0
32,0
32,0
27,0
27,0
27,0
27,0
27,0
27,0
2,0
2,0
2,0
2,0
2,0
0,0
-68,0
-68,0
-68,0
-68,0
-68,0
-29,0
-29,0
-29,0
-29,0
-29,0
-29,0
-18,0
-18,0
-18,0
-18,0
-18,0
-25,0
-7,0
-7,0
-7,0
-7,0
45,0
86,0
86,0
86,0
86,0
84,0
84,0
84,0
84,0
84,0
82,0
156,0
156,0
156,0
156,0
156,0
156,0
135,0
135,0
135,0
135,0
139,0
112,0
112,0
112,0
112,0
112,0
109,0
89,0
89,0
89,0
89,0
89,0
44,0
116,0
116,0
116,0
116,0
116,0
138,0
156,0
156,0
156,0
156,0
93,0
84,0
84,0
84,0
84,0
84,0
93,0
92,0
92,0
92,0
92,0
92,0
146,0
147,0
151,0
151,0
151,0
151,0
151,0
221,0
330,0
280,0
280,0
280,0
280,0
285,0
257,0
257,0
257,0
257,0
257,0
124,0
124,0
124,0
124,0
124,0
124,0
137,0
164,0
164,0
164,0
164,0
164,0
153,0
177,0
177,0
177,0
177,0
177,0
55,0
55,0
55,0
55,0
55,0
55,0
103,0
114,0
105,0
105,0
105,0
105,0
123,0
104,0
104,0
104,0
104,0
104,0
183,0
171,0
171,0
171,0
171,0
171,0
73,0
112,0
112,0
112,0
112,0
112,0
61,0
61,0
61,0
61,0
61,0
106,0
60,0
60,0
60,0
60,0
60,0
60,0
-86,0
-86,0
-86,0
-86,0
-86,0
-84,0
-117,0
-146,0
-146,0
-146,0
-146,0
-146,0
-199,0
-196,0
-196,0
-196,0
-196,0
-196,0
-221,0
-262,0
-262,0
-262,0
-262,0
-140,0
-130,0
-130,0
-130,0
-130,0
-130,0
-20,0
-20,0
-20,0
-20,0
-20,0
-20,0
93,0
93,0
93,0
93,0
93,0
93,0
26,0
53,0
53,0
53,0
53,0
53,0
53,0
89,0
89,0
89,0
89,0
89,0
161,0
220,0
171,0
171,0
171,0
171,0
171,0
171,0
171,0
171,0
171,0
171,0
171,0
40,0
-35,0
-35,0
-35,0
-35,0
-35,0
26,0
26,0
26,0
26,0
26,0
26,0
26,0
26,0
-2,0
8,0
8,0
-55,0
-49,0
-49,0
-49,0
-49,0
-49,0
36,0
6,0
6,0
6,0
6,0
6,0
6,0
-18,0
-18,0
-18,0
-18,0
-98,0
-50,0
-50,0
-50,0
-50,0
-50,0
-58,0
-34,0
-34,0
-34,0
-34,0
32,0
57,0
57,0
57,0
57,0
57,0
57,0
40,0
40,0
40,0
40,0
40,0
-6,0
-6,0
-6,0
-6,0
-6,0
-6,0
-6,0
-39,0
-39,0
-39,0
-39,0
-29,0
-41,0
-41,0
-41,0
-41,0
-41,0
-41,0
7,0
7,0
7,0
7,0
7,0
7,0
39,0
32,0
32,0
32,0
32,0
32,0
32,0
50,0
17,0
17,0
17,0
17,0
17,0
17,0
-10,0
-10,0
-10,0
-10,0
-10,0
-36,0
-212,0
-212,0
-212,0
-212,0
-248,0
-202,0
-202,0
-202,0
-202,0
-202,0
-172,0
-168,0
-166,0
-166,0
-166,0
-166,0
-132,0
-97,0
-97,0
-97,0
-97,0
-89,0
22,0
22,0
22,0
22,0
22,0
-43,0
-51,0
-51,0
-51,0
-51,0
-51,0
84,0
87,0
87,0
87,0
87,0
87,0
102,0
102,0
102,0
102,0
102,0
102,0
200,0
200,0
200,0
200,0
200,0
172,0
215,0
215,0
215,0
215,0
215,0
265,0
218,0
218,0
218,0
218,0
314,0
311,0
311,0
311,0
311,0
311,0
249,0
249,0
249,0
249,0
249,0
249,0
314,0
332,0
332,0
332,0
332,0
332,0
332,0
376,0
327,0
327,0
327,0
327,0
327,0
291,0
293,0
293,0
293,0
293,0
265,0
289,0
289,0
289,0
289,0
250,0
219,0
219,0
219,0
219,0
219,0
219,0
214,0
225,0
229,0
229,0
229,0
256,0
219,0
219,0
219,0
219,0
219,0
219,0
216,0
216,0
216,0
216,0
216,0
216,0
216,0
188,0
188,0
188,0
188,0
188,0
188,0
88,0
88,0
88,0
88,0
88,0
88,0
76,0
76,0
76,0
76,0
76,0
76,0
76,0
85,0
131,0
131,0
131,0
131,0
131,0
128,0
114,0
100,0
100,0
100,0
100,0
100,0
86,0
97,0
97,0
97,0
97,0
97,0
88,0
88,0
88,0
88,0
88,0
88,0
88,0
22,0
22,0
22,0
22,0
18,0
16,0
16,0
16,0
16,0
16,0
19,0
19,0
19,0
19,0
19,0
19,0
-28,0
-28,0
-28,0
-28,0
-28,0
-25,0
-56,0
-56,0
-56,0
-56,0
-56,0
-56,0
-106,0
-124,0
-124,0
-124,0
-124,0
-124,0
-200,0
-200,0
-200,0
-200,0
-200,0
-200,0
-227,0
-183,0
-183,0
-183,0
-183,0
-147,0
-122,0
-122,0
-122,0
-122,0
-122,0
-157,0
-200,0
-200,0
-200,0
-200,0
-200,0
-200,0
-211,0
-211,0
-211,0
-211,0
-211,0
-101,0
-97,0
-97,0
-97,0
-97,0
-97,0
-139,0
-89,0
-89,0
-89,0
-89,0
20,0
20,0
20,0
20,0
2,0
-4,0
-4,0
-4,0
1,0
98,0
98,0
98,0
98,0
98,0
77,0
35,0
35,0
35,0
35,0
35,0
-17,0
-17,0
-17,0
-17,0
-17,0
50,0
69,0
69,0
69,0
69,0
69,0
23,0
23,0
23,0
23,0
23,0
23,0
45,0
33,0
33,0
33,0
33,0
33,0
33,0
75,0
75,0
75,0
75,0
75,0
75,0
75,0
75,0
75,0
75,0
75,0
75,0
75,0
75,0
75,0
75,0
75,0
75,0
75,0
75,0
189,0
244,0
244,0
244,0
210,0
185,0
185,0
185,0
248,0
285,0
285,0
356,0
356,0
356,0
311,0
311,0
311,0
289,0
289,0
289,0
296,0
198,0
198,0
198,0
198,0
196,0
164,0
164,0
164,0
164,0
164,0
98,0
55,0
55,0
55,0
55,0
55,0
-5,0
-5,0
-5,0
-5,0
-5,0
-5,0
-5,0
86,0
49,0
49,0
49,0
49,0
49,0
49,0
-42,0
9,0
9,0
9,0
9,0
-71,0
-125,0
-101,0
-101,0
-101,0
-101,0
-101,0
-77,0
-77,0
-77,0
-77,0
-77,0
-102,0
-131,0
-131,0
-131,0
-131,0
-170,0
-162,0
-162,0
-162,0
-162,0
-162,0
-35,0
64,0
64,0
64,0
64,0
55,0
55,0
55,0
55,0
55,0
44,0
0,0
0,0
0,0
0,0
136,0
113,0
113,0
113,0
113,0
113,0
44,0
44,0
44,0
44,0
44,0
44,0
34,0
34,0
34,0
34,0
34,0
-65,0
-60,0
-60,0
-60,0
-60,0
-60,0
-60,0
61,0
61,0
61,0
61,0
61,0
153,0
155,0
155,0
155,0
155,0
131,0
146,0
146,0
146,0
146,0
109,0
168,0
168,0
168,0
168,0
168,0
168,0
96,0
96,0
96,0
96,0
96,0
140,0
140,0
140,0
140,0
140,0
194,0
194,0
194,0
194,0
194,0
194,0
256,0
256,0
256,0
256,0
256,0
299,0
281,0
281,0
281,0
281,0
281,0
256,0
256,0
256,0
256,0
256,0
262,0
257,0
257,0
257,0
257,0
212,0
194,0
194,0
194,0
194,0
194,0
186,0
186,0
186,0
186,0
186,0
83,0
57,0
57,0
57,0
57,0
57,0
60,0
60,0
60,0
60,0
60,0
60,0
60,0
66,0
61,0
61,0
61,0
61,0
61,0
61,0
58,0
58,0
58,0
58,0
58,0
58,0
-10,0
-10,0
-10,0
-10,0
-10,0
-2,0
-2,0
-2,0
-2,0
-2,0
-2,0
-35,0
-108,0
-108,0
-108,0
-108,0
-108,0
-220,0
-220,0
-220,0
-220,0
-220,0
-220,0
-220,0
48,0
48,0
48,0
48,0
48,0
48,0
-3,0
-3,0
-3,0
-3,0
-3,0
-69,0
-30,0
-30,0
-30,0
-30,0
-30,0
-30,0
-30,0
-39,0
-57,0
-57,0
-65,0
-40,0
-40,0
-40,0
-40,0
-40,0
-37,0
-36,0
-36,0
-36,0
-36,0
-36,0
-36,0
-36,0
-36,0
-94,0
-87,0
-87,0
-102,0
-177,0
-177,0
-177,0
-177,0
-56,0
-92,0
-92,0
-92,0
-92,0
-92,0
-92,0
-121,0
-133,0
-133,0
-133,0
-133,0
-158,0
-194,0
-189,0
-189,0
-189,0
-189,0
-163,0
-115,0
-115,0
-115,0
-115,0
-115,0
-120,0
-116,0
-116,0
-116,0
-116,0
-116,0
-116,0
-116,0
-116,0
-116,0
-86,0
-104,0
-104,0
-49,0
-13,0
-13,0
-13,0
-13,0
6,0
6,0
6,0
6,0
6,0
6,0
-99,0
-22,0
-22,0
-22,0
-22,0
-22,0
13,0
18,0
18,0
18,0
18,0
18,0
52,0
17,0
17,0
17,0
17,0
17,0
7,0
5,0
5,0
5,0
5,0
5,0
154,0
154,0
154,0
154,0
154,0
154,0
152,0
155,0
155,0
155,0
155,0
155,0
98,0
98,0
98,0
98,0
98,0
98,0
104,0
104,0
104,0
104,0
104,0
136,0
129,0
129,0
129,0
129,0
129,0
108,0
96,0
96,0
96,0
96,0
96,0
82,0
19,0
19,0
19,0
19,0
19,0
0,0
23,0
43,0
43,0
43,0
43,0
43,0
-26,0
-21,0
-21,0
-21,0
-21,0
-21,0
-61,0
-50,0
-50,0
-50,0
-50,0
-50,0
35,0
35,0
35,0
35,0
35,0
35,0
153,0
153,0
153,0
153,0
153,0
153,0
215,0
215,0
215,0
215,0
215,0
215,0
218,0
218,0
218,0
218,0
218,0
251,0
281,0
340,0
340,0
340,0
340,0
340,0
401,0
401,0
401,0
401,0
401,0
373,0
384,0
384,0
384,0
384,0
384,0
371,0
371,0
371,0
371,0
371,0
331,0
200,0
200,0
200,0
200,0
128,0
251,0
251,0
251,0
251,0
251,0
295,0
264,0
264,0
264,0
264,0
264,0
264,0
123,0
123,0
123,0
123,0
123,0
123,0
34,0
34,0
34,0
34,0
34,0
34,0
-43,0
-163,0
-163,0
-163,0
-163,0
-163,0
-136,0
-145,0
-145,0
-145,0
-145,0
-145,0
-190,0
-190,0
-190,0
-190,0
-190,0
-190,0
-190,0
-251,0
-234,0
-234,0
-234,0
-234,0
-234,0
-238,0
-247,0
-247,0
-247,0
-247,0
-247,0
-221,0
-219,0
-219,0
-219,0
-219,0
-219,0
-284,0
-284,0
-284,0
-284,0
-284,0
-284,0
-284,0
-189,0
-168,0
-168,0
-168,0
-168,0
-168,0
-177,0
-215,0
-215,0
-215,0
-215,0
-215,0
-212,0
-199,0
-199,0
-199,0
-199,0
-199,0
-199,0
-165,0
-165,0
-165,0
-165,0
-165,0
-182,0
-167,0
-167,0
-167,0
-167,0
-167,0
-184,0
-198,0
-198,0
-198,0
-198,0
-178,0
-44,0
-44,0
-44,0
-44,0
-34,0
-34,0
-34,0
-34,0
-34,0
-74,0
-25,0
-25,0
-25,0
-25,0
-25,0
-25,0
-4,0
-17,0
-17,0
-17,0
-17,0
-22,0
-11,0
-11,0
-11,0
-11,0
-11,0
-11,0
19,0
19,0
19,0
19,0
55,0
55,0
55,0
55,0
52,0
21,0
21,0
21,0
21,0
67,0
93,0
93,0
93,0
84,0
54,0
54,0
54,0
54,0
54,0
35,0
35,0
35,0
35,0
35,0
35,0
115,0
153,0
153,0
153,0
153,0
153,0
153,0
224,0
224,0
224,0
224,0
224,0
224,0
129,0
96,0
96,0
96,0
96,0
96,0
96,0
88,0
107,0
102,0
102,0
102,0
102,0
114,0
103,0
103,0
103,0
103,0
103,0
103,0
103,0
77,0
147,0
147,0
147,0
147,0
147,0
52,0
67,0
67,0
67,0
67,0
67,0
73,0
57,0
57,0
57,0
57,0
57,0
57,0
65,0
37,0
37,0
37,0
37,0
37,0
37,0
22,0
20,0
20,0
20,0
20,0
20,0
-41,0
4,0
4,0
4,0
4,0
4,0
10,0
10,0
10,0
10,0
10,0
32,0
-28,0
-28,0
-28,0
-28,0
-28,0
-28,0
-37,0
-27,0
-27,0
-27,0
-27,0
-27,0
-27,0
-4,0
0,0
0,0
0,0
0,0
5,0
-5,0
-5,0
-5,0
-5,0
-5,0
-5,0
33,0
64,0
64,0
64,0
64,0
64,0
22,0
22,0
22,0
22,0
22,0
22,0
-72,0
-72,0
-72,0
-72,0
-72,0
-78,0
-75,0
-75,0
-75,0
-75,0
-110,0
-178,0
-178,0
-178,0
-178,0
-178,0
-178,0
132,0
132,0
132,0
132,0
132,0
132,0
132,0
309,0
360,0
360,0
360,0
360,0
360,0
408,0
408,0
408,0
408,0
408,0
509,0
480,0
480,0
480,0
480,0
480,0
480,0
459,0
459,0
459,0
459,0
459,0
459,0
444,0
444,0
444,0
444,0
444,0
444,0
428,0
428,0
428,0
428,0
428,0
438,0
439,0
439,0
439,0
439,0
439,0
439,0
469,0
469,0
469,0
469,0
469,0
469,0
432,0
401,0
401,0
401,0
401,0
401,0
457,0
457,0
457,0
457,0
457,0
457,0
406,0
357,0
357,0
357,0
357,0
357,0
357,0
363,0
363,0
363,0
363,0
363,0
363,0
363,0
249,0
249,0
249,0
249,0
249,0
164,0
164,0
164,0
164,0
172,0
210,0
210,0
210,0
210,0
210,0
210,0
226,0
226,0
226,0
226,0
226,0
136,0
81,0
81,0
81,0
81,0
81,0
33,0
33,0
33,0
33,0
33,0
33,0
-1,0
-28,0
-28,0
-28,0
-28,0
-73,0
-73,0
-73,0
-73,0
-73,0
-52,0
-91,0
-91,0
-91,0
-91,0
-4,0
-19,0
-19,0
-19,0
-19,0
-19,0
-69,0
-69,0
-69,0
-69,0
-69,0
-57,0
-99,0
-99,0
-99,0
-99,0
-99,0
-82,0
-88,0
-88,0
-88,0
-88,0
-88,0
-104,0
-72,0
-72,0
-72,0
-107,0
-149,0
-142,0
-142,0
-142,0
-142,0
-141,0
-188,0
-188,0
-188,0
-188,0
-188,0
-322,0
-300,0
-300,0
-300,0
-300,0
-300,0
-300,0
-283,0
-301,0
-301,0
-301,0
-301,0
-301,0
-301,0
-276,0
-308,0
-308,0
-308,0
-308,0
-308,0
-308,0
-308,0
-317,0
-236,0
-236,0
-236,0
-236,0
-236,0
-236,0
-218,0
-190,0
-171,0
-171,0
-171,0
-171,0
-171,0
-171,0
-170,0
-262,0
-262,0
-262,0
-262,0
-262,0
-262,0
-262,0
-130,0
236,0
236,0
236,0
236,0
236,0
236,0
232,0
265,0
265,0
265,0
265,0
265,0
265,0
192,0
227,0
227,0
227,0
227,0
227,0
227,0
233,0
233,0
233,0
233,0
233,0
233,0
-98,0
-98,0
-98,0
-98,0
-98,0
-98,0
-109,0
-166,0
-166,0
-166,0
-166,0
-203,0
-253,0
-296,0
-296,0
-296,0
-296,0
-296,0
-296,0
-296,0
-296,0
-296,0
-296,0
-241,0
-163,0
-163,0
-163,0
-139,0
-135,0
-135,0
-135,0
-195,0
-193,0
-193,0
-193,0
-193,0
-135,0
-124,0
-124,0
-124,0
-124,0
-124,0
-124,0
-119,0
-119,0
-119,0
-119,0
-119,0
-119,0
-134,0
-137,0
-137,0
-137,0
-137,0
-137,0
-54,0
-46,0
-46,0
-46,0
-46,0
-46,0
24,0
71,0
75,0
75,0
75,0
75,0
75,0
82,0
104,0
104,0
104,0
104,0
104,0
226,0
219,0
219,0
219,0
219,0
219,0
219,0
219,0
275,0
236,0
236,0
236,0
201,0
245,0
279,0
279,0
279,0
279,0
279,0
313,0
313,0
313,0
313,0
313,0
313,0
312,0
290,0
284,0
284,0
284,0
284,0
284,0
284,0
304,0
304,0
304,0
304,0
304,0
219,0
219,0
219,0
219,0
219,0
242,0
354,0
354,0
354,0
354,0
348,0
248,0
248,0
248,0
248,0
248,0
285,0
282,0
282,0
282,0
282,0
282,0
282,0
321,0
305,0
305,0
305,0
305,0
269,0
234,0
234,0
234,0
234,0
236,0
244,0
244,0
244,0
244,0
244,0
124,0
124,0
124,0
124,0
124,0
99,0
76,0
76,0
76,0
76,0
76,0
26,0
26,0
26,0
26,0
26,0
26,0
22,0
18,0
18,0
18,0
18,0
18,0
18,0
-45,0
-45,0
-45,0
-45,0
-45,0
-23,0
-41,0
-41,0
-41,0
-41,0
-41,0
-118,0
-118,0
-118,0
-118,0
-118,0
-118,0
-88,0
-88,0
-88,0
-88,0
-88,0
-88,0
-88,0
86,0
86,0
86,0
86,0
86,0
86,0
70,0
70,0
70,0
70,0
70,0
36,0
99,0
99,0
99,0
99,0
156,0
184,0
184,0
184,0
184,0
86,0
86,0
86,0
86,0
86,0
86,0
86,0
86,0
-76,0
-76,0
-76,0
-76,0
-76,0
-76,0
-76,0
-76,0
-76,0
-76,0
-76,0
-76,0
-76,0
-151,0
-146,0
-146,0
-146,0
-146,0
-146,0
-146,0
-217,0
-217,0
-217,0
-217,0
-217,0
-217,0
-216,0
-216,0
-216,0
-216,0
-216,0
-216,0
-154,0
-113,0
-113,0
-113,0
-113,0
-113,0
-115,0
-93,0
-90,0
-90,0
-90,0
-90,0
-90,0
-90,0
-90,0
-90,0
-90,0
-138,0
-138,0
-138,0
-199,0
-199,0
-199,0
-199,0
-199,0
-199,0
-139,0
-131,0
-131,0
-131,0
-131,0
-131,0
-61,0
-41,0
-41,0
-41,0
-41,0
-41,0
-65,0
-74,0
-74,0
-74,0
-74,0
-17,0
-17,0
-17,0
-17,0
-17,0
-66,0
-72,0
-72,0
-72,0
-72,0
-85,0
-68,0
-68,0
-68,0
-68,0
-51,0
-55,0
-55,0
-55,0
-55,0
-55,0
-55,0
-55,0
16,0
16,0
16,0
16,0
16,0
19,0
37,0
37,0
37,0
37,0
37,0
37,0
70,0
77,0
77,0
77,0
77,0
77,0
88,0
116,0
116,0
116,0
116,0
119,0
119,0
119,0
119,0
119,0
180,0
177,0
177,0
177,0
177,0
177,0
307,0
259,0
259,0
259,0
259,0
259,0
259,0
198,0
198,0
198,0
198,0
198,0
198,0
198,0
198,0
242,0
242,0
242,0
242,0
242,0
242,0
213,0
214,0
214,0
214,0
214,0
214,0
173,0
173,0
173,0
173,0
173,0
173,0
132,0
144,0
144,0
144,0
144,0
144,0
197,0
197,0
197,0
197,0
184,0
155,0
113,0
130,0
130,0
130,0
130,0
148,0
148,0
148,0
148,0
148,0
148,0
122,0
189,0
189,0
189,0
189,0
281,0
266,0
266,0
266,0
266,0
266,0
266,0
276,0
228,0
228,0
228,0
228,0
228,0
167,0
167,0
167,0
167,0
167,0
167,0
71,0
101,0
101,0
101,0
101,0
101,0
88,0
88,0
88,0
88,0
88,0
65,0
-82,0
-82,0
-82,0
-82,0
-82,0
-54,0
-54,0
-54,0
-54,0
-54,0
-54,0
-38,0
-38,0
-38,0
-38,0
-5,0
42,0
42,0
42,0
42,0
42,0
-36,0
-34,0
-34,0
-34,0
-34,0
-34,0
-34,0
-66,0
-55,0
-55,0
-55,0
-55,0
-55,0
-12,0
-45,0
-45,0
-45,0
-45,0
-45,0
-55,0
-65,0
-65,0
-65,0
-65,0
-65,0
-65,0
-92,0
-109,0
-109,0
-109,0
-109,0
-109,0
-97,0
-97,0
-97,0
-97,0
-97,0
-62,0
-68,0
-68,0
-68,0
-68,0
-68,0
-68,0
6,0
6,0
6,0
6,0
6,0
6,0
17,0
26,0
26,0
26,0
26,0
26,0
7,0
7,0
7,0
7,0
18,0
56,0
56,0
56,0
56,0
56,0
56,0
-1,0
38,0
38,0
38,0
38,0
21,0
-103,0
-103,0
-103,0
-103,0
-115,0
-115,0
-115,0
-115,0
-115,0
-115,0
-75,0
-75,0
-75,0
-75,0
-75,0
-75,0
-86,0
-86,0
-86,0
-86,0
-86,0
-14,0
-14,0
-14,0
-14,0
-14,0
-14,0
125,0
125,0
125,0
125,0
125,0
90,0
55,0
55,0
55,0
55,0
55,0
55,0
16,0
16,0
16,0
16,0
16,0
16,0
114,0
155,0
155,0
155,0
155,0
155,0
155,0
68,0
68,0
68,0
68,0
68,0
106,0
88,0
88,0
88,0
88,0
88,0
88,0
121,0
153,0
153,0
153,0
153,0
153,0
153,0
115,0
115,0
115,0
115,0
115,0
103,0
139,0
139,0
139,0
139,0
112,0
109,0
109,0
109,0
109,0
109,0
109,0
105,0
88,0
88,0
88,0
88,0
61,0
115,0
115,0
115,0
115,0
115,0
120,0
98,0
98,0
98,0
98,0
98,0
144,0
144,0
144,0
144,0
144,0
50,0
50,0
50,0
50,0
50,0
50,0
50,0
86,0
86,0
86,0
86,0
86,0
86,0
123,0
123,0
123,0
123,0
123,0
123,0
117,0
150,0
150,0
150,0
150,0
150,0
182,0
182,0
182,0
182,0
182,0
182,0
150,0
150,0
150,0
150,0
150,0
150,0
162,0
162,0
162,0
162,0
162,0
154,0
132,0
121,0
121,0
121,0
121,0
88,0
88,0
88,0
88,0
88,0
88,0
-40,0
-40,0
-40,0
-40,0
-40,0
-40,0
6,0
34,0
34,0
34,0
34,0
44,0
170,0
170,0
170,0
170,0
170,0
218,0
221,0
150,0
150,0
150,0
150,0
150,0
150,0
68,0
40,0
57,0
57,0
57,0
57,0
103,0
77,0
77,0
77,0
77,0
77,0
68,0
90,0
-10,0
-10,0
-10,0
-10,0
-10,0
36,0
36,0
36,0
36,0
36,0
36,0
107,0
107,0
107,0
107,0
107,0
107,0
107,0
113,0
113,0
113,0
113,0
113,0
113,0
130,0
118,0
118,0
118,0
118,0
118,0
123,0
113,0
74,0
74,0
74,0
74,0
88,0
88,0
88,0
88,0
88,0
88,0
3,0
3,0
3,0
3,0
-23,0
48,0
48,0
48,0
48,0
208,0
243,0
243,0
243,0
243,0
219,0
178,0
178,0
178,0
178,0
178,0
130,0
220,0
220,0
220,0
220,0
277,0
225,0
225,0
225,0
167,0
51,0
51,0
51,0
51,0
51,0
-30,0
-58,0
-58,0
-58,0
-58,0
-58,0
-58,0
-58,0
-58,0
-58,0
-58,0
-58,0
-54,0
-3,0
-3,0
-3,0
-3,0
-3,0
17,1
17,0
17,0
17,0
17,0
17,0
52,0
52,0
52,0
52,0
52,0
16,0
-26,0
-26,0
-26,0
-26,0
-26,0
-26,0
11,0
26,0
26,0
26,0
26,0
26,0
52,0
52,0
52,0
52,0
52,0
-27,0
-43,0
-43,0
-43,0
-43,0
-43,0
-43,0
34,0
28,0
28,0
28,0
52,0
69,0
69,0
69,0
69,0
69,0
-57,0
-57,0
-57,0
-57,0
-57,0
-59,0
-83,0
-83,0
-83,0
-83,0
-83,0
19,0
-9,0
-9,0
-9,0
-9,0
-9,0
-9,0
43,0
38,0
38,0
38,0
38,0
27,0
29,0
29,0
29,0
29,0
29,0
38,0
45,0
45,0
45,0
45,0
45,0
45,0
38,0
109,0
109,0
109,0
109,0
81,0
81,0
81,0
81,0
81,0
81,0
53,0
53,0
53,0
53,0
53,0
17,0
19,0
19,0
19,0
19,0
19,0
-38,0
-38,0
-38,0
-38,0
-38,0
-38,0
20,0
24,0
24,0
24,0
24,0
35,0
22,0
22,0
22,0
22,0
24,0
37,0
69,0
69,0
69,0
69,0
65,0
42,0
42,0
42,0
42,0
42,0
42,0
42,0
7,0
7,0
7,0
7,0
7,0
7,0
7,0
64,0
64,0
64,0
42,0
77,0
77,0
77,0
77,0
32,0
32,0
32,0
32,0
32,0
48,0
56,0
56,0
56,0
56,0
56,0
56,0
53,0
53,0
53,0
53,0
53,0
53,0
0,0
9,0
9,0
9,0
9,0
9,0
9,0
9,0
9,0
9,0
9,0
44,0
69,0
69,0
85,0
5,0
5,0
5,0
5,0
-90,0
-90,0
-90,0
-90,0
-77,0
118,0
118,0
118,0
118,0
118,0
118,0
144,0
144,0
144,0
144,0
144,0
27,0
-10,0
-10,0
-10,0
-10,0
-10,0
-10,0
-6,0
83,0
64,0
64,0
64,0
64,0
81,0
70,0
70,0
70,0
70,0
70,0
70,0
42,0
42,0
42,0
42,0
42,0
99,0
50,0
50,0
50,0
50,0
57,0
2,0
2,0
2,0
2,0
50,0
38,0
38,0
38,0
38,0
41,0
57,0
27,0
27,0
27,0
27,0
40,0
65,0
65,0
65,0
65,0
65,0
65,0
65,0
65,0
-9,0
-9,0
-9,0
-25,0
-14,0
-14,0
-14,0
-14,0
-14,0
12,0
12,0
12,0
12,0
12,0
-13,0
-33,0
-33,0
-33,0
-33,0
-33,0
-33,0
-33,0
-33,0
-33,0
-11,0
36,0
36,0
1,0
-29,0
-29,0
-29,0
-29,0
-29,0
-8,0
-8,0
-8,0
-8,0
-8,0
-22,0
36,0
36,0
36,0
36,0
36,0
36,0
36,0
36,0
60,0
60,0
60,0
117,0
146,0
146,0
146,0
146,0
-13,0
-13,0
-13,0
-13,0
-13,0
49,0
59,0
59,0
59,0
59,0
59,0
69,0
89,0
89,0
89,0
89,0
89,0
9,0
32,0
32,0
32,0
32,0
32,0
32,0
32,0
32,0
32,0
68,0
68,0
68,0
68,0
11,0
11,0
11,0
11,0
11,0
11,0
48,0
80,0
80,0
80,0
80,0
80,0
80,0
169,0
169,0
169,0
169,0
169,0
169,0
169,0
169,0
169,0
169,0
179,0
179,0
179,0
179,0
297,0
297,0
297,0
297,0
226,0
226,0
226,0
226,0
226,0
226,0
253,0
237,0
237,0
237,0
237,0
237,0
251,0
251,0
251,0
251,0
251,0
251,0
251,0
251,0
251,0
39,0
37,0
37,0
37,0
132,0
132,0
132,0
132,0
132,0
132,0
360,0
360,0
360,0
360,0
360,0
360,0
284,0
284,0
284,0
284,0
284,0
301,0
203,0
203,0
203,0
203,0
203,0
103,0
103,0
103,0
103,0
103,0
91,0
91,0
91,0
91,0
91,0
54,0
60,0
60,0
60,0
60,0
20,0
20,0
20,0
20,0
20,0
85,0
85,0
85,0
85,0
85,0
83,0
25,0
25,0
25,0
25,0
-90,0
-90,0
-90,0
-90,0
-90,0
-77,0
-65,0
-65,0
-65,0
-65,0
-65,0
-125,0
-69,0
-69,0
-69,0
-69,0
-69,0
-9,0
2,0
2,0
2,0
2,0
-23,0
-7,0
-7,0
-7,0
-7,0
-7,0
-7,0
-53,0
-54,0
-54,0
-54,0
-54,0
-54,0
-34,0
-34,0
-34,0
-34,0
-34,0
-34,0
-34,0
-1,0
-1,0
-1,0
-1,0
-1,0
-1,0
-1,0
81,0
81,0
81,0
81,0
81,0
81,0
81,0
81,0
72,0
42,0
42,0
42,0
42,0
42,0
42,0
42,0
42,0
67,0
135,0
135,0
136,0
115,0
115,0
115,0
99,0
99,0
99,0
99,0
99,0
105,0
90,0
32,0
32,0
32,0
32,0
32,0
32,0
9,0
9,0
9,0
9,0
9,0
3,0
3,0
3,0
3,0
3,0
-53,0
-102,0
-102,0
-102,0
-102,0
-126,0
-126,0
-126,0
-126,0
-126,0
-105,0
-71,0
-71,0
-71,0
-71,0
-71,0
-34,0
-34,0
-34,0
-34,0
-34,0
-34,0
-11,0
-13,0
-13,0
-13,0
-13,0
-13,0
-27,0
-9,0
-9,0
-9,0
-9,0
-9,0
-9,0
48,0
48,0
48,0
48,0
48,0
152,0
171,0
171,0
171,0
171,0
171,0
171,0
161,0
170,0
170,0
170,0
146,0
161,0
161,0
161,0
161,0
161,0
226,0
226,0
226,0
226,0
226,0
226,0
204,0
203,0
203,0
203,0
203,0
203,0
203,0
144,0
151,0
151,0
151,0
151,0
151,0
75,0
-11,0
-11,0
-11,0
-11,0
-11,0
6,0
6,0
6,0
6,0
6,0
6,0
-134,0
56,0
56,0
56,0
56,0
161,0
218,0
218,0
218,0
218,0
218,0
272,0
272,0
272,0
272,0
272,0
272,0
308,0
421,0
421,0
421,0
421,0
421,0
421,0
421,0
421,0
453,0
421,0
421,0
421,0
328,0
328,0
328,0
328,0
197,0
146,0
146,0
146,0
146,0
146,0
85,0
85,0
85,0
85,0
85,0
23,0
11,0
11,0
11,0
11,0
-39,0
-34,0
-34,0
-34,0
-34,0
-34,0
-118,0
-118,0
-118,0
-118,0
-118,0
-118,0
-99,0
-99,0
-99,0
-99,0
-99,0
-181,0
-188,0
-188,0
-188,0
-188,0
-188,0
-194,0
-194,0
-194,0
-194,0
-194,0
-213,0
-213,0
-213,0
-213,0
-213,0
-213,0
-260,0
-260,0
-260,0
-260,0
-260,0
-273,0
-243,0
-243,0
-243,0
-243,0
-243,0
-243,0
-243,0
-243,0
-243,0
-243,0
-243,0
-243,0
-243,0
-243,0
-243,0
-243,0
-243,0
-243,0
-243,0
-243,0
-250,0
-250,0
-250,0
-216,0
-179,0
-197,0
-130,0
-136,0
-136,0
-136,0
-236,0
-194,0
-194,0
-194,0
-194,0
-194,0
-194,0
-194,0
-194,0
-194,0
-194,0
-194,0
-194,0
-194,0
-149,0
-149,0
-149,0
-149,0
-132,0
-132,0
-132,0
-46,0
-56,0
-56,0
6,0
1,0
1,0
1,0
1,0
1,0
-21,0
-26,0
-26,0
-26,0
-235,0
-214,0
-214,0
67,0
67,0
67,0
67,0
73,0
73,0
73,0
187,0
231,0
231,0
231,0
164,0
164,0
164,0
164,0
164,0
164,0
305,0
250,0
250,0
250,0
250,0
250,0
125,0
102,0
102,0
102,0
102,0
17,0
36,0
36,0
36,0
36,0
36,0
71,0
83,0
29,0
29,0
29,0
29,0
29,0
-26,0
-26,0
-26,0
-26,0
-26,0
-26,0
60,0
58,0
58,0
58,0
58,0
70,0
17,0
17,0
17,0
17,0
17,0
76,0
76,0
76,0
76,0
76,0
59,0
66,0
66,0
66,0
66,0
66,0
18,0
18,0
18,0
18,0
18,0
112,0
112,0
112,0
112,0
112,0
112,0
112,0
112,0
112,0
112,0
112,0
112,0
112,0
112,0
112,0
112,0
112,0
112,0
112,0
112,0
112,0
112,0
112,0
112,0
166,0
166,0
166,0
242,0
242,0
242,0
145,0
145,0
145,0
122,0
122,0
122,0
-22012,0
108,0
108,0
108,0
113,0
113,0
113,0
37,0
42,0
42,0
42,0
-43,0
-43,0
-43,0
-43,0
-43,0
-43,0
-43,0
-43,0
-43,0
-43,0
-30,0
-51,0
-115,0
-131,0
-131,0
-131,0
-146,0
-205,0
-205,0
-205,0
-205,0
-205,0
-181,0
-181,0
-181,0
-181,0
-181,0
-181,0
-188,0
-188,0
-188,0
-188,0
-188,0
-188,0
-190,0
-190,0
-190,0
-190,0
-190,0
-221,0
-230,0
-230,0
-230,0
-230,0
-230,0
-225,0
-225,0
-225,0
-225,0
-225,0
-225,0
-106,0
-106,0
-106,0
-106,0
-106,0
-106,0
-106,0
-157,0
-157,0
-157,0
-157,0
-157,0
-121,0
-103,0
-103,0
-103,0
-103,0
-103,0
-113,0
-113,0
-113,0
-113,0
-113,0
-113,0
-71,0
-71,0
-71,0
-71,0
-71,0
-19,0
-19,0
-19,0
-19,0
-8,0
61,0
61,0
61,0
61,0
130,0
130,0
130,0
130,0
130,0
130,0
130,0
179,0
179,0
179,0
179,0
179,0
189,0
170,0
170,0
170,0
170,0
151,1
151,0
237,0
237,0
237,0
237,0
237,0
237,0
237,0
237,0
237,0
153,0
153,0
153,0
69,0
56,0
56,0
56,0
56,0
35,0
100,0
100,0
100,0
100,0
115,0
96,0
115,0
115,0
115,0
115,0
153,0
153,0
153,0
153,0
153,0
153,0
124,0
187,0
187,0
187,0
187,0
187,0
167,0
167,0
167,0
167,0
167,0
167,0
183,0
183,0
183,0
183,0
183,0
183,0
234,0
197,0
197,0
197,0
197,0
197,0
197,0
146,0
149,0
149,0
149,0
149,0
149,0
83,0
83,0
83,0
83,0
83,0
83,0
70,0
91,0
91,0
91,0
91,0
102,0
35,0
35,0
35,0
35,0
35,0
25,0
34,0
34,0
34,0
34,0
34,0
-88,0
-88,0
-88,0
-88,0
-88,0
-88,0
-88,0
-29,0
-29,0
-29,0
-29,0
-29,0
-29,0
-92,0
-50,0
-50,0
-50,0
-50,0
-50,0
-153,0
-185,0
-185,0
-185,0
-185,0
-136,0
-136,0
-136,0
-136,0
-136,0
-136,0
-126,0
-105,0
-105,0
-105,0
-105,0
-105,0
-105,0
-133,0
-133,0
-133,0
-133,0
-133,0
-133,0
-114,0
-106,0
-106,0
-106,0
-106,0
-106,0
-106,0
-37,0
-37,0
-37,0
-37,0
-37,0
-37,0
-37,0
-37,0
-37,0
-37,0
-37,0
-71,0
-85,0
-85,0
-85,0
-85,0
-12,0
-3,0
-3,0
-3,0
-3,0
-3,0
-3,0
-91,0
-27,0
-27,0
-27,0
-27,0
100,0
84,0
84,0
84,0
84,0
84,0
100,0
100,0
100,0
100,0
100,0
100,0
36,0
76,0
76,0
76,0
76,0
76,0
194,0
194,0
194,0
194,0
194,0
194,0
156,0
156,0
156,0
156,0
156,0
146,0
105,0
105,0
105,0
105,0
104,0
183,0
167,0
167,0
167,0
167,0
167,0
167,0
157,0
157,0
157,0
157,0
185,0
284,0
284,0
284,0
284,0
377,0
418,0
418,0
418,0
418,0
418,0
469,0
401,0
375,0
375,0
375,0
375,0
375,0
363,0
361,0
361,0
361,0
361,0
168,0
135,0
135,0
135,0
135,0
205,0
281,0
281,0
281,0
281,0
281,0
281,0
116,0
116,0
116,0
116,0
116,0
116,0
101,0
57,0
50,0
50,0
50,0
50,0
50,0
50,0
107,0
107,0
107,0
107,0
107,0
107,0
57,0
21,0
21,0
21,0
21,0
21,0
52,0
68,0
68,0
68,0
68,0
68,0
68,0
2,0
2,0
2,0
2,0
2,0
-24,0
-14,0
-14,0
-14,0
-14,0
-14,0
-14,0
-55,0
-89,0
-89,0
-89,0
-89,0
-89,0
-89,0
37,0
37,0
37,0
37,0
37,0
37,0
40,0
37,0
51,0
51,0
51,0
51,0
-9,0
-75,0
-75,0
-75,0
-75,0
-75,0
-75,0
43,0
-5,0
-5,0
-5,0
-5,0
5,0
91,0
91,0
91,0
91,0
58,0
45,0
45,0
45,0
45,0
-103,0
-105,0
-105,0
-105,0
-105,0
-105,0
-92,0
-62,0
-62,0
-62,0
-62,0
341,0
341,0
341,0
341,0
341,0
218,0
218,0
218,0
218,0
218,0
218,0
117,0
122,0
188,0
188,0
188,0
188,0
188,0
188,0
188,0
188,0
188,0
188,0
188,0
188,0
188,0
188,0
188,0
188,0
188,0
188,0
394,0
394,0
394,0
546,0
593,0
625,0
635,0
635,0
580,0
501,0
501,0
571,0
571,0
571,0
571,0
571,0
571,0
571,0
571,0
571,0
571,0
571,0
571,0
571,0
571,0
571,0
571,0
571,0
571,0
571,0
887,0
949,0
949,0
774,0
774,0
774,0
759,0
740,0
808,0
808,0
935,0
976,0
976,0
888,0
785,0
785,0
785,0
790,0
724,0
724,0
635,0
611,0
611,0
611,0
611,0
611,0
442,0
442,0
442,0
442,0
442,0
407,0
407,0
407,0
407,0
392,0
409,0
409,0
409,0
258,0
258,0
258,0
258,0
258,0
23,0
23,0
23,0
23,0
23,0
23,0
108,0
66,0
66,0
66,0
66,0
-38,0
-38,0
-38,0
-38,0
-38,0
-38,0
-38,0
-38,0
-226,0
-226,0
-226,0
-226,0
-155,0
18,0
18,0
18,0
18,0
18,0
18,0
252,0
252,0
252,0
252,0
252,0
252,0
169,0
169,0
169,0
169,0
169,0
169,0
129,0
129,0
129,0
129,0
129,0
129,0
129,0
129,0
129,0
129,0
129,0
129,0
129,0
129,0
129,0
146,0
89,0
89,0
82,0
-37,0
-37,0
56,0
-72,0
-294,0
-294,0
-294,0
-563,0
-563,0
-563,0
-563,0
-381,0
-386,0
-386,0
-386,0
-386,0
-386,0
-452,0
-523,0
-523,0
-523,0
-523,0
-523,0
-516,0
-473,0
-473,0
-473,0
-473,0
-473,0
-473,0
-473,0
-473,0
-473,0
-473,0
-473,0
-473,0
-473,0
-473,0
-513,0
-513,0
-552,0
-438,0
-438,0
-537,0
-537,0
-537,0
-537,0
-377,0
-377,0
-377,0
-377,0
-364,0
-364,0
-364,0
-364,0
-364,0
-378,0
-378,0
-378,0
-378,0
-378,0
-378,0
-378,0
-275,0
-275,0
-275,0
-275,0
-275,0
-275,0
-238,0
-76,0
-76,0
-76,0
-76,0
-76,0
-76,0
-76,0
-76,0
-76,0
-182,0
-244,0
-244,0
-275,0
-312,0
-312,0
-312,0
-312,0
-254,0
-203,0
-203,0
-203,0
-203,0
-203,0
-130,0
-120,0
-120,0
-120,0
-120,0
-120,0
-195,0
-173,0
-173,0
-173,0
-173,0
-85,0
-118,0
-45,0
-45,0
-45,0
-45,0
39,0
107,0
107,0
107,0
107,0
-158,0
-54,0
-54,0
-54,0
-54,0
-45,0
-56,0
-56,0
-56,0
-56,0
-56,0
-81,0
-150,0
-150,0
-150,0
-150,0
-150,0
-150,0
-222,0
-222,0
-222,0
-222,0
-222,0
-222,0
-88,0
-88,0
-88,0
-88,0
-88,0
-88,0
-71,0
252,0
252,0
252,0
252,0
0,0
0,0
0,0
0,0
0,0
0,0
-57,0
-57,0
-57,0
-57,0
-57,0
176,0
129,0
129,0
129,0
129,0
129,0
129,0
25,0
25,0
25,0
25,0
25,0
22,0
149,0
149,0
149,0
149,0
149,0
180,0
150,0
150,0
150,0
150,0
150,0
57,0
-6,0
-6,0
-6,0
-6,0
-6,0
-6,0
-68,0
-68,0
-68,0
-68,0
-68,0
-49,0
68,0
68,0
68,0
68,0
68,0
-150,0
-150,0
-150,0
-150,0
-150,0
194,0
136,0
136,0
136,0
136,0
136,0
136,0
136,0
136,0
136,0
136,0
136,0
136,0
136,0
136,0
136,0
136,0
136,0
136,0
136,0
136,0
89,0
133,0
133,0
58,0
-2,0
-2,0
-2,0
-13,0
-13,0
-13,0
-261,0
-130,0
-130,0
-130,0
-91,0
-91,0
-91,0
-82,0
-52,0
-52,0
-33,0
-33,0
-33,0
-33,0
-33,0
-75,0
-61,0
23,0
23,0
23,0
23,0
23,0
23,0
68,0
51,0
51,0
51,0
51,0
-5,0
-5,0
-5,0
-5,0
-5,0
-36,0
152,0
152,0
152,0
152,0
152,0
27,0
50,0
50,0
50,0
50,0
50,0
-26,0
-26,0
-26,0
-26,0
-26,0
-26,0
-26,0
-26,0
-92,0
22,0
22,0
-83,0
-83,0
-83,0
-83,0
-134,0
-125,0
-125,0
-125,0
-125,0
-125,0
-130,0
160,0
160,0
160,0
160,0
160,0
153,0
32,0
32,0
32,0
32,0
32,0
32,0
32,0
32,0
33,0
71,0
71,0
71,0
71,0
71,0
71,0
71,0
71,0
71,0
71,0
71,0
71,0
71,0
71,0
71,0
71,0
71,0
71,0
116,0
165,0
165,0
165,0
141,0
-10,0
-17,0
220,0
220,0
220,0
220,0
220,0
67,0
67,0
67,0
74,0
72,0
72,0
72,0
51,0
51,0
51,0
-76,0
-140,0
-140,0
-140,0
-140,0
-140,0
-140,0
-40,0
43,0
43,0
43,0
43,0
43,0
114,0
70,0
70,0
70,0
70,0
-24,0
18,0
81,0
81,0
81,0
81,0
81,0
81,0
81,0
81,0
81,0
81,0
81,0
81,0
81,0
81,0
81,0
81,0
81,0
81,0
81,0
81,0
81,0
81,0
5,0
189,0
189,0
189,0
40,0
40,0
40,0
-125,0
28,0
28,0
198,0
198,0
198,0
-129,0
-129,0
-129,0
19,0
116,0
116,0
55,0
-49,0
-49,0
-49,0
-2,0
122,0
122,0
122,0
122,0
122,0
116,0
116,0
116,0
116,0
116,0
116,0
116,0
116,0
116,0
116,0
116,0
116,0
116,0
116,0
115,0
69,0
69,0
118,0
118,0
118,0
41,0
59,0
59,0
59,0
59,0
59,0
59,0
59,0
59,0
59,0
59,0
52,0
12,0
12,0
-35,0
11,0
32,0
-23,0
-23,0
-23,0
75,0
87,0
87,0
37,0
-6,0
-6,0
-6,0
-6,0
-6,0
-6,0
70,0
-28,0
-28,0
-28,0
-28,0
-28,0
10,0
10,0
10,0
10,0
10,0
10,0
-29,0
-26,0
-26,0
-26,0
-26,0
-26,0
61,0
33,0
33,0
33,0
33,0
-68,0
-107,0
-107,0
-107,0
-107,0
-107,0
-107,0
-107,0
-107,0
-107,0
-107,0
-107,0
-107,0
-107,0
-107,0
-107,0
-107,0
-107,0
-107,0
-107,0
-107,0
-107,0
-44,0
-85,0
-85,0
21,0
-23,0
-23,0
-106,0
-188,0
-188,0
44,0
43,0
43,0
28,0
92,0
92,0
-52,0
-69,0
-69,0
-69,0
-69,0
-69,0
-69,0
-69,0
-69,0
-69,0
-122,0
-109,0
-109,0
-109,0
-109,0
-109,0
-109,0
-109,0
-109,0
-109,0
-109,0
-109,0
-109,0
-109,0
-109,0
-109,0
-109,0
-109,0
-109,0
-109,0
-109,0
-109,0
-109,0
-109,0
-109,0
-109,0
-109,0
-109,0
-109,0
-109,0
-109,0
-109,0
-109,0
-109,0
-109,0
-109,0
-109,0
-109,0
-109,0
-109,0
-109,0
-109,0
-109,0
-109,0
-109,0
-109,0
-109,0
-109,0
-109,0
-109,0
-109,0
-109,0
-109,0
-109,0
-109,0
-109,0
-109,0
-109,0
-109,0
-109,0
-109,0
-109,0
-109,0
-109,0
-109,0
-109,0
-109,0
-109,0
-109,0
-109,0
-109,0
-109,0
-109,0
-109,0
-109,0
-109,0
-109,0
-109,0
-109,0
-109,0
-109,0
-109,0
-109,0
-109,0
-109,0
-109,0
-109,0
-109,0
-109,0
-109,0
-109,0
-109,0
-109,0
-109,0
-109,0
-109,0
-109,0
-109,0
-109,0
-109,0
-109,0
-109,0
-109,0
-109,0
-109,0
-109,0
-109,0
-109,0
-109,0
-109,0
-109,0
-109,0
-109,0
-109,0
-109,0
-109,0
-109,0
-109,0
-109,0
-109,0
-109,0
-109,0
-109,0
-109,0
-109,0
-109,0
-109,0
-109,0
-88,0
-75,0
-75,0
-75,0
-75,0
-75,0
-75,0
-75,0
-75,0
-75,0
-75,0
-75,0
-75,0
-75,0
-75,0
-75,0
-75,0
-65,0
-65,0
-65,0
-65,0
-65,0
-65,0
-65,0
-65,0
-65,0
-65,0
-34,0
-26,0
-26,0
-26,0
-26,0
-26,0
-26,0
-26,0
-26,0
-26,0
-26,0
-26,0
-26,0
-26,0
-26,0
-26,0
-26,0
-26,0
-26,0
-26,0
-26,0
-26,0
-26,0
-26,0
-26,0
-26,0
-26,0
-26,0
-26,0
-26,0
-26,0
-26,0
-26,0
-26,0
-26,0
-26,0
-26,0
-26,0
-26,0
-26,0
-26,0
-26,0
-26,0
-26,0
-26,0
-26,0
-26,0
-26,0
-26,0
-26,0
-26,0
-26,0
-26,0
-26,0
-26,0
-26,0
-26,0
-26,0
-26,0
-26,0
-26,0
-26,0
-26,0
-26,0
-26,0
-26,0
-26,0
-26,0
-26,0
-26,0
-26,0
-26,0
-26,0
-26,0
-26,0
-26,0
-26,0
-26,0
-26,0
-26,0
-26,0
-26,0
-26,0
-26,0
-26,0
-26,0
-26,0
-26,0
-26,0
-26,0
-26,0
-26,0
-26,0
-26,0
-26,0
-26,0
-26,0
17,0
17,0
17,0
17,0
17,0
17,0
17,0
17,0
17,0
17,0
17,0
17,0
17,0
17,0
17,0
17,0
17,0
17,0
17,0
17,0
17,0
17,0
17,0
17,0
13,0
136,0
136,0
203,0
169,0
169,0
162,0
-21846,0
-21846,0
42,0
90,0
90,0
90,0
-33,0
-39,0
-39,0
-105,0
-105,0
-105,0
21,0
-82,0
-82,0
-82,0
-82,0
-82,0
17,0
17,0
17,0
17,0
17,0
17,0
17,0
181,0
147,0
147,0
147,0
147,0
147,0
147,0
100,0
100,0
100,0
100,0
100,0
121,0
88,0
88,0
88,0
88,0
115,0
102,0
102,0
102,0
102,0
102,0
-14,0
-14,0
-14,0
-14,0
-14,0
56,0
144,0
144,0
144,0
144,0
144,0
144,0
144,0
144,0
144,0
144,0
58,0
75,0
75,0
75,0
-38,0
-38,0
-38,0
44,0
89,0
89,0
89,0
89,0
-6,0
-13,0
-13,0
-13,0
-13,0
-13,0
17,0
92,0
92,0
92,0
92,0
72,0
42,0
42,0
42,0
42,0
42,0
40,0
8,0
32,0
32,0
32,0
32,0
55,0
10,0
10,0
10,0
10,0
10,0
10,0
25,0
-35,0
-99,0
-99,0
-99,0
-99,0
-99,0
-99,0
-99,0
36,0
66,0
66,0
66,0
66,0
66,0
66,0
91,0
81,0
33,0
33,0
33,0
33,0
33,0
33,0
59,0
40,0
40,0
40,0
40,0
40,0
40,0
40,0
80,0
39,0
-28,0
-28,0
-28,0
-28,0
-28,0
-18,0
12,0
12,0
12,0
12,0
12,0
12,0
37,0
37,0
5,0
5,0
8,0
8,0
8,0
8,0
19,0
-39,0
-39,0
-39,0
-39,0
-39,0
-39,0
-39,0
-72,0
-72,0
-72,0
-72,0
-72,0
-72,0
-42,0
-38,0
-38,0
-38,0
-38,0
-38,0
-44,0
-38,0
-38,0
-38,0
-38,0
-38,0
-38,0
-38,0
-38,0
-38,0
-38,0
-38,0
-38,0
-38,0
-38,0
-38,0
-38,0
-38,0
-38,0
-38,0
-38,0
-38,0
-38,0
-38,0
-38,0
-38,0
-38,0
-38,0
-38,0
-38,0
-38,0
-38,0
-38,0
-38,0
-38,0
-75,0
-75,0
-75,0
-75,0
103,0
103,0
103,0
-52,0
-81,0
-81,0
-81,0
5,0
96,0
96,0
-86,0
68,0
68,0
68,0
59,0
6,0
41,0
-29,0
3,0
3,0
3,0
-2,0
-24,0
-39,0
-39,0
-39,0
-39,0
-39,0
-10,0
107,0
99,0
99,0
99,0
99,0
99,0
135,0
34,0
34,0
34,0
34,0
34,0
86,0
71,0
71,0
71,0
71,0
71,0
71,0
71,0
71,0
182,0
182,0
182,0
182,0
182,0
182,0
182,0
182,0
182,0
182,0
182,0
182,0
182,0
182,0
182,0
182,0
182,0
182,0
182,0
182,0
182,0
182,0
182,0
182,0
182,0
182,0
182,0
182,0
182,0
182,0
182,0
182,0
182,0
182,0
182,0
182,0
182,0
182,0
182,0
182,0
182,0
182,0
182,0
182,0
182,0
182,0
182,0
182,0
182,0
182,0
182,0
182,0
182,0
182,0
182,0
182,0
182,0
182,0
182,0
182,0
182,0
182,0
182,0
182,0
182,0
163,0
170,0
170,0
147,0
147,0
147,0
237,0
147,0
147,0
145,0
145,0
189,0
101,0
101,0
101,0
98,0
107,0
107,0
107,0
-6,0
33,0
33,0
33,0
33,0
33,0
5,0
150,0
150,0
150,0
150,0
150,0
25,0
25,0
25,0
25,0
25,0
25,0
7,0
-3,0
-3,0
-3,0
-3,0
-3,0
181,0
192,0
192,0
192,0
192,0
192,0
58,0
-23,0
-23,0
-23,0
-23,0
-23,0
-17,0
86,0
86,0
86,0
86,0
45,0
171,0
171,0
171,0
171,0
171,0
171,0
96,0
96,0
96,0
96,0
96,0
96,0
36,0
93,0
93,0
93,0
93,0
93,0
93,0
-38,0
-38,0
-38,0
-38,0
-38,0
19,0
-42,0
-42,0
-42,0
-42,0
-4,0
32,0
32,0
32,0
32,0
73,0
-11,0
-11,0
-11,0
-11,0
-11,0
-11,0
11,0
11,0
11,0
11,0
11,0
11,0
-219,0
-146,0
-146,0
-146,0
-146,0
-146,0
-146,0
-146,0
-146,0
113,0
113,0
113,0
113,0
289,0
289,0
289,0
289,0
340,0
610,0
610,0
610,0
610,0
610,0
524,0
524,0
524,0
524,0
524,0
506,0
473,0
473,0
473,0
473,0
473,0
489,0
401,0
401,0
401,0
401,0
401,0
276,0
261,0
281,0
281,0
281,0
281,0
281,0
229,0
229,0
229,0
229,0
229,0
229,0
20,0
20,0
20,0
20,0
20,0
20,0
23,0
23,0
23,0
23,0
23,0
-38,0
-196,0
-196,0
-196,0
-196,0
-196,0
-145,0
-145,0
-145,0
-145,0
-145,0
-114,0
-130,0
-130,0
-130,0
-130,0
-130,0
-147,0
-155,0
-117,0
-117,0
-117,0
-117,0
-117,0
-138,0
-138,0
-138,0
-138,0
-138,0
-138,0
-146,0
-195,0
-186,0
-186,0
-186,0
-186,0
-186,0
-215,0
-215,0
-215,0
-215,0
-215,0
-247,0
-45,0
-45,0
-45,0
-45,0
-45,0
-45,0
-45,0
-75,0
-75,0
-75,0
-75,0
-211,0
-90,0
-90,0
-90,0
-90,0
-44,0
-44,0
-44,0
-44,0
-44,0
-45,0
-105,0
-121,0
-121,0
-121,0
-121,0
-121,0
-106,0
-106,0
-106,0
-106,0
-87,0
-117,0
-117,0
-117,0
-117,0
-117,0
-117,0
-14,0
-14,0
-14,0
-14,0
-14,0
-14,0
86,0
67,0
67,0
67,0
67,0
67,0
-93,0
-65,0
-65,0
-65,0
-65,0
-65,0
-65,0
-5,0
-20,0
-18,0
-18,0
-18,0
-18,0
-18,0
71,0
71,0
71,0
71,0
71,0
71,0
71,0
71,0
71,0
71,0
71,0
71,0
71,0
71,0
71,0
71,0
48,0
41,0
41,0
-54,0
-54,0
-54,0
99,0
56,0
56,0
56,0
137,0
137,0
101,0
74,0
85,0
85,0
85,0
85,0
85,0
85,0
118,0
118,0
118,0
118,0
118,0
44,0
210,0
210,0
210,0
210,0
210,0
119,0
-20,0
-20,0
-20,0
-20,0
-20,0
-20,0
-20,0
-20,0
-20,0
-24,0
23,0
23,0
145,0
145,0
145,0
145,0
8,0
-13,0
-13,0
-13,0
-13,0
-13,0
-30,0
-30,0
-30,0
-30,0
-30,0
-30,0
-78,0
-42,0
-42,0
-42,0
-42,0
-42,0
-42,0
76,0
83,0
83,0
83,0
83,0
83,0
83,0
83,0
83,0
83,0
83,0
83,0
83,0
83,0
83,0
83,0
83,0
83,0
83,0
83,0
83,0
83,0
83,0
83,0
83,0
83,0
83,0
83,0
83,0
83,0
83,0
83,0
83,0
83,0
83,0
83,0
83,0
83,0
83,0
83,0
83,0
83,0
83,0
83,0
83,0
83,0
83,0
83,0
83,0
83,0
83,0
83,0
83,0
83,0
83,0
83,0
83,0
83,0
83,0
83,0
83,0
83,0
83,0
83,0
-71,0
-71,0
-71,0
-71,0
-71,0
-71,0
-71,0
-71,0
-71,0
81,0
81,0
81,0
-93,0
-93,0
-93,0
65,0
65,0
65,0
65,0
65,0
65,0
65,0
65,0
65,0
65,0
245,0
-29,0
-29,0
-102,0
-98,0
-98,0
-98,0
-81,0
-133,0
-133,0
-230,0
-215,0
-215,0
-235,0
-189,0
-151,0
-151,0
-151,0
-151,0
-151,0
-151,0
-151,0
-151,0
-151,0
-151,0
-151,0
-151,0
-151,0
-151,0
-151,0
-66,0
-114,0
-114,0
-114,0
-114,0
-114,0
-114,0
-114,0
-114,0
-114,0
-156,0
-193,0
-193,0
-165,0
7,0
7,0
-25,0
-46,0
-46,0
-85,0
-85,0
-43,0
-69,0
-69,0
-54,0
-68,0
73,0
73,0
73,0
73,0
73,0
73,0
73,0
73,0
73,0
73,0
73,0
73,0
73,0
73,0
73,0
73,0
73,0
73,0
73,0
73,0
73,0
73,0
73,0
73,0
73,0
73,0
73,0
73,0
73,0
73,0
73,0
73,0
73,0
73,0
73,0
73,0
73,0
73,0
73,0
73,0
73,0
73,0
73,0
73,0
73,0
73,0
73,0
73,0
73,0
73,0
73,0
73,0
73,0
73,0
73,0
73,0
73,0
73,0
73,0
73,0
73,0
73,0
73,0
73,0
73,0
73,0
73,0
73,0
73,0
73,0
73,0
73,0
73,0
73,0
73,0
73,0
73,0
73,0
73,0
73,0
73,0
73,0
73,0
73,0
73,0
73,0
73,0
73,0
73,0
73,0
73,0
73,0
73,0
73,0
73,0
73,0
73,0
73,0
73,0
73,0
73,0
73,0
73,0
73,0
73,0
73,0
73,0
73,0
73,0
73,0
73,0
73,0
73,0
73,0
73,0
73,0
73,0
73,0
73,0
73,0
73,0
73,0
73,0
73,0
73,0
73,0
73,0
73,0
73,0
73,0
73,0
73,0
73,0
-8,0
-83,0
-83,0
-83,0
-10,0
10,0
10,0
-10,0
-10,0
-10,0
-10,0
-10,0
-10,0
-10,0
-10,0
-10,0
-10,0
24,0
24,0
24,0
24,0
24,0
24,0
24,0
24,0
24,0
24,0
-52,0
-2,0
-2,0
-2,0
145,0
145,0
145,0
106,0
106,0
106,0
113,0
85,0
85,0
85,0
85,0
85,0
85,0
85,0
85,0
85,0
59,0
59,0
59,0
59,0
59,0
59,0
59,0
59,0
59,0
59,0
173,0
154,0
154,0
121,0
121,0
121,0
66,0
66,0
66,0
66,0
66,0
66,0
66,0
66,0
66,0
66,0
66,0
66,0
66,0
66,0
66,0
66,0
66,0
66,0
66,0
66,0
183,0
183,0
183,0
70,0
82,0
82,0
20,0
20,0
20,0
20,0
20,0
20,0
20,0
20,0
20,0
20,0
20,0
20,0
20,0
20,0
20,0
1,0
113,0
113,0
106,0
48,0
48,0
24,0
24,0
24,0
-5,0
-51,0
-51,0
-51,0
-51,0
-51,0
-51,0
-51,0
-51,0
-51,0
-51,0
-51,0
-51,0
-51,0
-51,0
-51,0
-51,0
-11,0
-11,0
-11,0
43,0
19,0
19,0
-72,0
-72,0
-72,0
39,0
39,0
39,0
39,0
39,0
39,0
39,0
39,0
39,0
39,0
39,0
39,0
39,0
39,0
39,0
39,0
39,0
39,0
39,0
-17469,0
-17469,0
-17469,0
-17469,0
-89,0
-89,0
-89,0
-89,0
-89,0
-51,0
-74,0
-74,0
-76,0
-82,0
-82,0
-61,0
-61,0
-61,0
23,0
9,0
9,0
9,0
-68,0
-68,0
-68,0
-68,0
-68,0
-68,0
139,0
139,0
139,0
84,0
84,0
84,0
84,0
59,0
96,0
96,0
96,0
96,0
96,0
121,0
121,0
121,0
121,0
121,0
121,0
155,0
176,0
176,0
176,0
176,0
179,0
176,0
176,0
176,0
176,0
176,0
150,0
56,0
56,0
56,0
56,0
56,0
56,0
213,0
213,0
213,0
213,0
213,0
213,0
199,0
172,0
172,0
172,0
172,0
240,0
221,0
221,0
221,0
221,0
221,0
179,0
103,0
103,0
103,0
103,0
55,0
233,0
233,0
233,0
233,0
233,0
233,0
242,0
196,0
196,0
196,0
196,0
196,0
183,0
284,0
284,0
284,0
284,0
284,0
229,0
81,0
81,0
81,0
81,0
81,0
35,0
35,0
35,0
35,0
35,0
35,0
-2,0
145,0
145,0
145,0
145,0
70,0
113,0
113,0
113,0
113,0
113,0
113,0
51,0
86,0
86,0
86,0
86,0
86,0
86,0
107,0
107,0
107,0
107,0
107,0
107,0
107,0
107,0
107,0
-13,0
-13,0
-13,0
39,0
130,0
130,0
130,0
130,0
105,0
-6,0
-6,0
-6,0
-6,0
-6,0
-8,0
-24,0
-24,0
-24,0
-24,0
-24,0
58,0
58,0
58,0
58,0
58,0
58,0
-34,0
-34,0
-34,0
-34,0
-34,0
-34,0
18,0
-69,0
-69,0
-69,0
-69,0
-69,0
-62,0
-18,0
-18,0
-18,0
-18,0
89,0
11,0
11,0
11,0
11,0
87,0
87,0
87,0
87,0
87,0
87,0
75,0
98,0
98,0
98,0
98,0
98,0
87,0
87,0
87,0
87,0
87,0
87,0
29,0
29,0
29,0
29,0
29,0
29,0
157,0
51,0
51,0
51,0
44,0
189,0
164,0
164,0
164,0
164,0
103,0
128,0
128,0
128,0
128,0
128,0
128,0
130,0
133,0
133,0
133,0
133,0
114,0
144,0
144,0
144,0
144,0
144,0
122,0
172,0
172,0
172,0
172,0
75,0
99,0
99,0
99,0
99,0
99,0
177,0
177,0
177,0
177,0
251,0
170,0
170,0
170,0
170,0
170,0
134,0
103,0
93,0
93,0
93,0
93,0
297,0
297,0
297,0
297,0
297,0
297,0
297,0
253,0
253,0
253,0
253,0
253,0
161,0
161,0
161,0
161,0
161,0
128,0
161,0
114,0
114,0
114,0
114,0
114,0
114,0
97,0
97,0
97,0
97,0
97,0
97,0
34,0
60,0
60,0
60,0
60,0
60,0
43,0
43,0
43,0
43,0
43,0
43,0
101,0
119,0
119,0
119,0
119,0
73,0
76,0
76,0
76,0
76,0
69,0
93,0
93,0
93,0
93,0
93,0
74,0
74,0
74,0
74,0
74,0
74,0
69,0
7,0
7,0
7,0
7,0
7,0
72,0
71,0
71,0
71,0
71,0
48,0
76,0
82,0
82,0
82,0
173,0
173,0
173,0
173,0
173,0
139,0
186,0
186,0
186,0
186,0
186,0
186,0
124,0
124,0
124,0
124,0
124,0
44,0
44,0
44,0
44,0
44,0
44,0
176,0
176,0
176,0
176,0
176,0
176,0
36,0
43,0
43,0
43,0
43,0
51,0
-2,0
-12,0
-12,0
-12,0
-12,0
-12,0
53,0
53,0
53,0
53,0
-12,0
-12,0
-12,0
-12,0
-12,0
-12,0
-3,0
-43,0
-43,0
-43,0
-43,0
-43,0
-43,0
-43,0
-10,0
-10,0
-10,0
-10,0
-10,0
-10,0
-10,0
-10,0
-10,0
-38,0
-66,0
-66,0
-18,0
-18,0
-18,0
-18,0
-18,0
-18,0
-37,0
-37,0
-37,0
-37,0
-37,0
-37,0
-37,0
-37,0
-37,0
-37,0
-37,0
-37,0
-37,0
-37,0
-37,0
-37,0
-37,0
-37,0
-37,0
-37,0
-37,0
-37,0
-37,0
-37,0
-37,0
-37,0
-37,0
-37,0
-37,0
-37,0
-37,0
-37,0
-37,0
-37,0
-37,0
-37,0
-37,0
-37,0
-37,0
-37,0
-37,0
-37,0
-37,0
-37,0
-37,0
-37,0
-37,0
-37,0
-37,0
-37,0
-37,0
-37,0
-37,0
-37,0
-37,0
-37,0
-58,0
-58,0
-58,0
-58,0
-58,0
-58,0
-58,0
-58,0
-58,0
-58,0
-58,0
-58,0
-58,0
-58,0
-58,0
-58,0
-58,0
-58,0
-58,0
-58,0
-58,0
-58,0
-58,0
-58,0
-58,0
-58,0
-58,0
-58,0
-58,0
-58,0
-58,0
-58,0
-58,0
-58,0
-58,0
-58,0
-58,0
-58,0
-56,0
-53,0
-53,0
-53,0
18,0
22,0
22,0
10,0
10,0
10,0
-17,0
22,0
86,0
86,0
86,0
19,0
19,0
17,0
-35,0
-35,0
-35,0
-2,0
-2,0
-2,0
-2,0
-19,0
25,0
68,0
68,0
68,0
68,0
68,0
41,0
32,0
32,0
32,0
32,0
16,0
-59,0
-90,0
-90,0
-90,0
-90,0
-90,0
4,0
4,0
4,0
4,0
4,0
51,0
51,0
51,0
51,0
51,0
51,0
113,0
91,0
91,0
91,0
91,0
124,0
49,0
49,0
49,0
49,0
82,0
82,0
82,0
82,0
82,0
197,0
168,0
168,0
168,0
168,0
168,0
168,0
106,0
57,0
57,0
57,0
57,0
34,0
52,0
50,0
50,0
50,0
50,0
50,0
48,0
137,0
137,0
137,0
137,0
101,0
101,0
101,0
101,0
101,0
90,0
73,0
73,0
73,0
73,0
73,0
73,0
149,0
136,0
136,0
136,0
136,0
136,0
56,0
56,0
56,0
76,0
76,0
76,0
76,0
76,0
129,0
129,0
129,0
129,0
129,0
122,0
-54,0
-54,0
-54,0
-92,0
-152,0
-170,0
-170,0
-170,0
-170,0
-170,0
119,0
119,0
119,0
119,0
119,0
119,0
59,0
26,0
26,0
26,0
26,0
26,0
26,0
-71,0
-107,0
-107,0
-107,0
-107,0
-107,0
-18,0
-18,0
-18,0
-18,0
-18,0
-18,0
-18,0
-25,0
-25,0
-25,0
-25,0
-25,0
119,0
92,0
92,0
92,0
92,0
92,0
92,0
77,0
32,0
32,0
32,0
32,0
32,0
32,0
4,0
16,0
16,0
16,0
16,0
16,0
73,0
73,0
73,0
73,0
73,0
73,0
45,0
97,0
97,0
97,0
97,0
97,0
73,0
58,0
58,0
58,0
58,0
5,0
41,0
41,0
41,0
41,0
41,0
-8,0
-8,0
-8,0
-8,0
-8,0
-8,0
-58,0
0,0
0,0
0,0
0,0
0,0
0,0
49,0
49,0
49,0
49,0
101,0
101,0
101,0
101,0
101,0
101,0
70,0
70,0
70,0
70,0
70,0
71,0
3,0
3,0
3,0
3,0
3,0
3,0
165,0
227,0
227,0
227,0
227,0
182,0
149,0
149,0
149,0
149,0
149,0
149,0
149,0
149,0
149,0
120,0
131,0
131,0
4,0
-1,0
-1,0
-1,0
-1,0
28,0
28,0
28,0
28,0
84,0
138,0
85,0
85,0
85,0
85,0
85,0
-13,0
-13,0
-13,0
-13,0
-13,0
-29,0
-139,0
-139,0
-139,0
-139,0
-139,0
-139,0
245,0
245,0
245,0
245,0
245,0
245,0
245,0
245,0
245,0
245,0
370,0
370,0
370,0
256,0
264,0
264,0
264,0
264,0
264,0
369,0
272,0
272,0
272,0
272,0
272,0
155,0
155,0
155,0
155,0
155,0
136,0
136,0
136,0
136,0
136,0
136,0
101,0
88,0
88,0
88,0
88,0
114,0
35,0
20,0
20,0
20,0
20,0
20,0
-53,0
68,0
68,0
68,0
68,0
68,0
-78,0
-78,0
-78,0
-78,0
-78,0
-130,0
-130,0
-130,0
-130,0
-130,0
-1,0
-2,0
0,0
0,0
0,0
0,0
0,0
-67,0
-67,0
-67,0
-67,0
-67,0
-268,0
-196,0
-196,0
-196,0
-196,0
-196,0
35,0
35,0
35,0
35,0
35,0
35,0
51,0
107,0
107,0
107,0
107,0
-102,0
-135,0
-135,0
-135,0
-135,0
-135,0
-1,0
3,0
3,0
3,0
3,0
3,0
194,0
194,0
194,0
194,0
194,0
194,0
227,0
215,0
173,0
173,0
173,0
173,0
173,0
241,0
241,0
241,0
241,0
241,0
131,0
108,0
108,0
108,0
108,0
108,0
108,0
183,0
183,0
183,0
183,0
72,0
135,0
135,0
135,0
135,0
135,0
178,0
-11,0
-11,0
-11,0
-11,0
179,0
72,0
72,0
72,0
72,0
72,0
19,0
19,0
19,0
19,0
19,0
19,0
19,0
19,0
19,0
19,0
19,0
19,0
19,0
19,0
19,0
-12,0
-133,0
-222,0
-222,0
-66,0
-66,0
-66,0
7,0
19,0
19,0
-146,0
-146,0
-146,0
-146,0
-146,0
-146,0
-85,0
-85,0
-85,0
-85,0
-85,0
-85,0
-81,0
-81,0
-81,0
-81,0
-81,0
-81,0
-257,0
-238,0
-238,0
-238,0
-238,0
-238,0
-238,0
-86,0
-86,0
-86,0
-86,0
-86,0
-86,0
-84,0
-58,0
-58,0
-58,0
-58,0
-58,0
-58,0
-55,0
-55,0
-55,0
-55,0
-55,0
39,0
-71,0
-71,0
-71,0
-71,0
-71,0
-71,0
-71,0
-107,0
-107,0
-107,0
-107,0
-107,0
-107,0
-107,0
-107,0
-107,0
-107,0
-107,0
-107,0
-107,0
-107,0
-107,0
-107,0
-107,0
-107,0
-45,0
107,0
124,0
124,0
88,0
88,0
88,0
88,0
4,0
20,0
20,0
20,0
20,0
20,0
20,0
4,0
-2,0
-2,0
-2,0
-2,0
-2,0
170,0
170,0
170,0
170,0
170,0
146,0
148,0
148,0
148,0
148,0
148,0
177,0
212,0
212,0
212,0
212,0
212,0
219,0
219,0
219,0
219,0
219,0
219,0
372,0
372,0
372,0
372,0
413,0
376,0
289,0
289,0
289,0
289,0
289,0
289,0
289,0
289,0
289,0
289,0
289,0
289,0
289,0
289,0
274,0
281,0
281,0
281,0
309,0
316,0
316,0
315,0
164,0
164,0
426,0
371,0
371,0
371,0
193,0
152,0
152,0
152,0
152,0
132,0
132,0
132,0
132,0
132,0
132,0
41,0
-1,0
-1,0
-1,0
-1,0
-1,0
-19,0
73,0
73,0
73,0
73,0
73,0
73,0
200,0
200,0
200,0
200,0
116,0
21,0
21,0
21,0
21,0
21,0
21,0
21,0
21,0
21,0
21,0
21,0
21,0
21,0
21,0
106,0
36,0
36,0
36,0
120,0
75,0
75,0
75,0
86,0
86,0
99,0
133,0
114,0
114,0
104,0
13,0
13,0
13,0
13,0
103,0
103,0
103,0
103,0
103,0
103,0
147,0
147,0
147,0
147,0
147,0
44,0
10,0
10,0
10,0
10,0
148,0
148,0
148,0
148,0
148,0
87,0
104,0
104,0
104,0
104,0
104,0
2,0
2,0
2,0
2,0
2,0
57,0
-12,0
-12,0
-12,0
-12,0
21,0
139,0
139,0
139,0
165,0
77,0
77,0
77,0
77,0
77,0
117,0
117,0
117,0
117,0
117,0
117,0
128,0
103,0
103,0
103,0
103,0
103,0
-21,0
-6,0
-6,0
-6,0
-6,0
-6,0
118,0
53,0
53,0
53,0
53,0
28,0
28,0
28,0
28,0
28,0
28,0
37,0
-41,0
-41,0
-41,0
-41,0
-41,0
-69,0
129,0
129,0
129,0
129,0
129,0
98,0
98,0
98,0
98,0
98,0
98,0
65,0
-19,0
-19,0
-19,0
-19,0
-19,0
64,0
64,0
64,0
64,0
64,0
83,0
83,0
83,0
83,0
83,0
83,0
83,0
-4,0
45,0
45,0
45,0
-19,0
-19,0
-19,0
-19,0
-19,0
80,0
43,0
43,0
43,0
43,0
-20,0
44,0
44,0
44,0
44,0
124,0
16,0
16,0
16,0
16,0
16,0
-8,0
-8,0
-8,0
-8,0
-8,0
42,0
42,0
42,0
42,0
42,0
42,0
42,0
42,0
42,0
42,0
183,0
183,0
183,0
277,0
141,0
141,0
141,0
141,0
141,0
141,0
133,0
133,0
133,0
133,0
133,0
133,0
85,0
89,0
89,0
89,0
89,0
89,0
89,0
89,0
74,0
74,0
74,0
74,0
74,0
35,0
10,0
10,0
10,0
10,0
10,0
-45,0
-45,0
-45,0
-45,0
-45,0
-49,0
-117,0
-93,0
-93,0
-93,0
-93,0
-93,0
-93,0
-42,0
-42,0
-42,0
-42,0
-42,0
-42,0
-42,0
-17,0
-153,0
-153,0
-153,0
-153,0
-153,0
